jobid,location,job_title,Job_type,involvement,level,total_applicants,company,industry,employees,followers
J1,"Pune, Maharashtra, India",F&A Senior Admin Assistant,others,Full-time,Mid-Senior level,55,UPS,Transportation/Trucking/Railroad ,10001,1614205
J2,"Gurgaon, Haryana, India",Content Writing Internship in Gurgaon at Internshala,others,Full-time,Internship,13,Internshala,Education Management ,51,1103111
J3,"Kakori, Uttar Pradesh, India",CarDekho - Territory Head,others,Full-time,Director,80,CarDekho,Internet ,1001,87558
J4,"Noida, Uttar Pradesh, India",Management Trainee - Banking Analyst,Analyst,Full-time,Associate,200,HCLTech,Information Technology & Services ,10001,4310955
J5,"Hyderabad, Telangana, India",Personal Secretary,others,Full-time,Entry level,36,Gamut HR Solutions,Human Resources ,2,665
J6,"Delhi, Delhi, India",Fraud Analyst,Analyst,Full-time,Associate,23,Barclays,Financial Services ,10001,1306895
J7,"Pune, Maharashtra, India",Financial Analyst,Analyst,Full-time,Not given,200,UBS,Financial Services ,10001,1252029
J8,"Pune, Maharashtra, India",Financial Analyst,Analyst,Full-time,Not given,200,UBS,Financial Services ,10001,1252029
J10,"Gurgaon, Haryana, India",Consultant - Communication Training,others,Full-time,Mid-Senior level,45,IndiGo (InterGlobe Aviation Ltd),Airlines/Aviation ,10001,392177
J11,"Ahmedabad, Gujarat, India",Store keeper,others,Full-time,Entry level,200,Jet Airways,Airlines/Aviation ,10001,288983
J12,"Mumbai, Maharashtra, India",EV Area Sales Manager,sales,Full-time,Mid-Senior level,17,Mahindra Group,Executive Office ,10001,1071139
J13,"Chennai, Tamil Nadu, India",Associate Graduate,Associate,Full-time,Entry level,200,NTT Ltd.,Information Technology & Services ,10001,367030
J14,"Hyderabad, Telangana, India",Key Account Manager I,Accountant,Full-time,Mid-Senior level,145,Swiggy,Computer Software ,1001,1212772
J15,"Pune, Maharashtra, India",Senior Accountant,Accountant,Full-time,Mid-Senior level,146,Mastercard,Information Technology & Services ,10001,1149262
J16,"Gurgaon, Haryana, India",Data Analytics,others,Full-time,Mid-Senior level,200,WNS,Outsourcing/Offshoring ,10001,555044
J17,"Kakori, Uttar Pradesh, India",Virtual Customer Service Associate - Lucknow,Associate,Full-time,Entry level,11,Qween Network LLP,Human Resources ,11,39368
J18,"Delhi, Delhi, India","Regional Manager, South Asia",Manager,Full-time,Director,200,Taylor Hopkinson | Powered by Brunel,Staffing & Recruiting ,51,164850
J19,"Ahmedabad, Gujarat, India",Medkart - Head - Retail Operations,others,Full-time,Director,16,Medkart Pharmacy,Retail ,201,4800
J20,"Bengaluru, Karnataka, India",Associate-Human Resource Admin,Associate,Full-time,Not given,200,Tesco Bengaluru,Retail ,5001,205552
J21,"Pune, Maharashtra, India",Financial Analyst,Analyst,Full-time,Not given,200,UBS,Financial Services ,10001,1252029
J22,"Delhi, Delhi, India",Regional Logistics & Accounts Manager,Accountant,Full-time,Mid-Senior level,200,Pidilite Industries Limited,Consumer Goods ,1001,413714
J23,"Mumbai, Maharashtra, India",Executive Microbiology,others,Full-time,Executive,24,Galentic Pharma (India) Pvt. Ltd.,Pharmaceuticals ,201,7459
J24,"Hyderabad, Telangana, India",Analyst - Data Analysis & reporting,Analyst,Full-time,Not given,200,Deloitte,Management Consulting ,10001,11242133
J25,"Gurgaon, Haryana, India",HR Manager,Human-resourse,Full-time,Mid-Senior level,200,Crocs,Consumer Goods ,1001,61755
J26,Greater Delhi Area,RKA Supervisor,others,Full-time,Mid-Senior level,38,Dyson,Electrical & Electronic Manufacturing ,10001,320902
J27,"Gurgaon, Haryana, India",Business Analyst,Analyst,Full-time,Mid-Senior level,200,Airbnb,Computer Software ,5001,2219932
J28,"Ahmedabad, Gujarat, India",Hiring For Civil Site Engineer,others,Full-time,Entry level,130,Mspire HR Solutions (Unit of Mspire Ventures Private Limited),Staffing & Recruiting ,11,3242
J29,"Bengaluru, Karnataka, India",Human Resources Generalist,others,Full-time,Mid-Senior level,60,NAVIS Human Resources,Human Resources ,51,3713
J30,"Pune, Maharashtra, India",HTML Developer,Developer,Full-time,Associate,130,WhiteSnow Software,Information Technology & Services ,51,2843
J31,"Hyderabad, Telangana, India",Staff Accountant,Accountant,Full-time,Entry level,200,KPMG India,Management Consulting ,10001,1401090
J32,"Delhi, Delhi, India",Senior Associate,Associate,Full-time,Mid-Senior level,192,PwC India,Management Consulting ,5001,914515
J33,"Viratnagar, Rajasthan, India",MedSurg Registered Nurse,others,Full-time,Mid-Senior level,10,Spectrum Healthcare Resources,Hospital & Health Care ,1001,3426
J34,"Pune, Maharashtra, India",Intern,others,Full-time,Internship,27,Cerence Inc.,Computer Software ,1001,27194
J35,"Noida, Uttar Pradesh, India",Customer Service Representative,others,Full-time,Not given,200,Wipro,Information Technology & Services ,10001,6414174
J36,"Noida, Uttar Pradesh, India",Digital Marketing,marketing,Full-time,Entry level,45,Network18 Media & Investments Limited,Media Production ,5001,202485
J37,"Pune, Maharashtra, India",Registered Nurse - RN,others,Full-time,Mid-Senior level,10,Genesis Healthcare,"Health, Wellness & Fitness ",2,78
J38,"Gurgaon, Haryana, India",Buyer,others,Full-time,Mid-Senior level,43,Maruti Suzuki India Limited,Automotive ,10001,633905
J39,"Chennai, Tamil Nadu, India",Copywriter,others,Full-time,Entry level,16,VPlayed,Computer Software ,201,1910
J40,"Chennai, Tamil Nadu, India",Plant Head- operations,others,Full-time,Mid-Senior level,29,T & A Solutions,Human Resources ,2,16585
J41,"Noida, Uttar Pradesh, India",Chemical Engineer,others,Full-time,Entry level,138,Pollucon Technologies Limited,Construction ,51,344
J42,"Gurgaon, Haryana, India",Executive - Crew training,others,Full-time,Entry level,72,IndiGo (InterGlobe Aviation Ltd),Airlines/Aviation ,10001,392177
J43,"Lucknow, Uttar Pradesh, India",HR Admin and Executive,Human-resourse,Full-time,Mid-Senior level,53,Career Junction,Staffing & Recruiting ,2,1046
J44,"Gurgaon, Haryana, India",Recruiter,others,Full-time,Associate,98,Gartner,Information Services ,10001,1465648
J46,"Hyderabad, Telangana, India",Procurement Executive,others,Full-time,Mid-Senior level,35,WayCool Foods,Food & Beverages ,1001,45977
J47,"Delhi, Delhi, India",Payroll Specialist (APAC - India),others,Full-time,Entry level,75,Horizons,Financial Services ,51,5380
J48,"Chennai, Tamil Nadu, India",Mechanical Engineer Trainer,others,Full-time,Entry level,18,STRESCON INDUSTRIES LIMITED,Railroad Manufacture ,501,9601
J49,"Mumbai, Maharashtra, India",Assistant Brand Manager - Brand Development,Manager,Full-time,Mid-Senior level,200,Unilever,Consumer Goods ,10001,18229634
J50,"Bengaluru, Karnataka, India",Medical Coder,others,Full-time,Entry level,200,Optum,Hospital & Health Care ,10001,570975
J51,"Delhi, Delhi, India",Manager - Regional Customer,Manager,Full-time,Mid-Senior level,200,Pidilite Industries Limited,Consumer Goods ,1001,413714
J52,"Hyderabad, Telangana, India",Electrician,others,Full-time,Entry level,15,Talent Zone Consultant,Human Resources ,11,2872
J53,"Bengaluru, Karnataka, India","Content Writer, CX",others,Full-time,Associate,188,PhonePe,Computer Software ,1001,524134
J54,"Bhopal, Madhya Pradesh, India",Front Desk Executive,others,Full-time,Mid-Senior level,11,Talish Solutions,Staffing & Recruiting ,2,1379
J55,"Gurugram, Haryana, India",Analyst,Analyst,Full-time,Not given,200,Wipro,Information Technology & Services ,10001,6414174
J56,"Bengaluru, Karnataka, India",Executive Assistant,others,Full-time,Not given,10,GSK,Pharmaceuticals ,10001,3433566
J57,"Bengaluru, Karnataka, India",Assistant General Manager Design,Manager,Full-time,Mid-Senior level,10,Flipspaces,Design ,51,26542
J58,"Bengaluru, Karnataka, India",Assistant Controller India,others,Full-time,Mid-Senior level,18,Deel,Financial Services ,1001,98130
J59,"Goa, Goa, India",Engineer - Mechanical,others,Full-time,Entry level,190,Cipla,Pharmaceuticals ,10001,1046238
J60,"Delhi, Delhi, India",Customer Service - Associate,Associate,Full-time,Entry level,10,Paytm,Financial Services ,10001,1101711
J61,"Ahmedabad, Gujarat, India",Quality Assurance - Qualification/Validation,others,Full-time,Entry level,108,CADILA HEALTHCARE LTD,Pharmaceuticals ,201,8539
J62,"Chennai, Tamil Nadu, India",Manual Tester - Application Testing,others,Full-time,Entry level,157,HuQuo,Human Resources ,11,11914
J63,"Kakori, Uttar Pradesh, India",Customer Relationship Manager,Manager,Full-time,Mid-Senior level,8,ffreedom app,Higher Education ,1001,6077
J64,"Kolkata, West Bengal, India",hiring for QA - QMS,others,Full-time,Entry level,112,CADILA HEALTHCARE LTD,Pharmaceuticals ,201,8539
J65,"Mumbai, Maharashtra, India",Human Resources Intern,others,Full-time,Internship,200,Purplle.com,Computer Software ,501,256500
J66,"Lucknow, Uttar Pradesh, India",Area Manager,Manager,Full-time,Mid-Senior level,116,Fastline Global Recruitment Services,Staffing & Recruiting ,51,7639
J67,"Pune, Maharashtra, India",Frontend UI Developer - Javascript/HTML5/CSS3,Developer,Full-time,Mid-Senior level,30,Taliun,Information Technology & Services ,11,2418
J68,"Ahmedabad, Gujarat, India",AutoCAD Designer / Draughtsman,others,Full-time,Entry level,27,NeetDeep Group,Computer Software ,51,531
J69,"Pune, Maharashtra, India",Python Developer,Developer,Full-time,Entry level,200,Credit Suisse,Banking ,10001,1234234
J70,"Chennai, Tamil Nadu, India",Educational Counselor,others,Full-time,Not given,20,Saint Teresa University,Higher Education ,11,37
J71,"Kolkata, West Bengal, India",Instrumentation Engineer,others,Full-time,Entry level,159,CADILA HEALTHCARE LTD,Pharmaceuticals ,201,8539
J72,"Goa, India","Sr. Director, Product Manager",Manager,Full-time,Director,8,Elemica,Computer Software ,201,8903
J73,"Noida, Uttar Pradesh, India",civil engineer fresher,others,Full-time,Entry level,178,Spirale HR Solutions Pvt Ltd,Human Resources ,51,853
J74,"Salem, Tamil Nadu, India",Executive Hr. Consultant,Human-resourse,Full-time,Mid-Senior level,20,assuredjob.com,Staffing & Recruiting ,11,7398
J75,"Bengaluru, Karnataka, India",Business Operations Analyst,Analyst,Full-time,Not given,200,HP,Information Technology & Services ,10001,5143704
J76,"Bengaluru, Karnataka, India",Technical Service Engineer,others,Full-time,Not given,36,Shell,Oil & Energy ,10001,6057750
J77,"Pune, Maharashtra, India",Revit - Trainee Design Engineer,others,Full-time,Internship,200,Indovance Inc.,Outsourcing/Offshoring ,201,11020
J78,"Chennai, Tamil Nadu, India",Rebar Detailer,others,Full-time,Entry level,16,Pramoda Rebar (P) Ltd,Civil Engineering ,51,561
J79,"Hanumangarh, Rajasthan, India",Kitchen Staff,others,Full-time,Entry level,10,Opaa! Food Management,Food & Beverages ,1001,1629
J80,"Hyderabad, Telangana, India",Accountant,Accountant,Full-time,Mid-Senior level,22,IXORA Global Services,Staffing & Recruiting ,51,611
J81,"Lucknow, Uttar Pradesh, India",Human Resources (HR) Internship in Lucknow at TalentPret,Human-resourse,Full-time,Internship,10,TalentPret,Information Technology & Services ,11,3091
J82,"Pune, Maharashtra, India",HR Business Partner,Human-resourse,Full-time,Mid-Senior level,200,Hansen Technologies,Computer Software ,1001,27444
J83,"Hyderabad, Telangana, India",Key Account Manager,Accountant,Full-time,Mid-Senior level,200,Airtel Payments Bank,Financial Services ,501,215227
J84,"Gurgaon, Haryana, India",Manager - Investigation,Manager,Full-time,Mid-Senior level,140,Xiaomi India,Computer Software ,501,190457
J85,"Noida, Uttar Pradesh, India",Assistant Manager,Manager,Full-time,Not given,200,Flipkart,Computer Software ,10001,3094261
J86,"Delhi, Delhi, India",Head - Operations - Personal Care/Beauty - NCR - 15 years+,others,Full-time,Mid-Senior level,191,Michael Page,Staffing & Recruiting ,5001,3090244
J87,"Gurgaon, Haryana, India",Associate Consultant,Associate,Full-time,Entry level,200,KPMG India,Management Consulting ,10001,1401090
J88,"Gurgaon, Haryana, India",Assistant Manager,Manager,Full-time,Mid-Senior level,200,KPMG India,Management Consulting ,10001,1401090
J89,"Lucknow, Uttar Pradesh, India",Electrical Engineer,others,Full-time,Entry level,200,Mahindra Truck and Bus,Automotive ,501,54049
J90,"Mumbai, Maharashtra, India",Assistant Manager/Manager - Consumer Insights,Manager,Full-time,Entry level,34,BookMyShow,Entertainment ,1001,86468
J91,"Gurgaon, Haryana, India",Senior Business Analyst,Analyst,Full-time,Mid-Senior level,200,Airbnb,Computer Software ,5001,2219932
J92,"Gurgaon, Haryana, India",AM Production planning and control,others,Full-time,Mid-Senior level,82,Maruti Suzuki India Limited,Automotive ,10001,633905
J93,"Bengaluru, Karnataka, India",Learning & Development Manager,Manager,Full-time,Associate,200,PhonePe,Computer Software ,1001,524134
J94,"Gurgaon, Haryana, India","Data Scientist, Business and Marketing",marketing,Full-time,Not given,200,Google,Computer Software ,10001,27090560
J95,"Lucknow, Uttar Pradesh, India","Interviews For Airport Ground Staff, Air Ticketing, Cabin Crew",others,Full-time,Executive,200,Airbov Solutions,Information Technology & Services ,11,272
J96,"Hyderabad, Telangana, India",Junior Python Developer,Developer,Full-time,Entry level,128,CGI,Information Technology & Services ,10001,1013678
J97,"Pune, Maharashtra, India",Accountant,Accountant,Full-time,Mid-Senior level,200,Infosys BPM,Information Technology & Services ,10001,779454
J98,"Noida, Uttar Pradesh, India",Customer Service Representative,others,Full-time,Not given,200,Wipro,Information Technology & Services ,10001,6414174
J99,"Gurgaon, Haryana, India",Fresher Civil Site Engineer,others,Full-time,Entry level,200,Spirale HR Solutions Pvt Ltd,Human Resources ,51,853
J100,"Delhi, Delhi, India",Retail Manager (Fragrance & Beauty),Manager,Full-time,Mid-Senior level,200,CHANEL,Luxury Goods & Jewelry ,10001,2024568
J101,"Hyderabad, Telangana, India","Vendor Operations Manager, Core",Manager,Full-time,Not given,200,Google,Computer Software ,10001,27090560
J102,"Chennai, Tamil Nadu, India",Content Writer,others,Full-time,Entry level,69,VPlayed,Computer Software ,201,1910
J103,"Ahmedabad, Gujarat, India",EHS Corporate Head,others,Full-time,Entry level,28,Ken McCoy Consulting,Human Resources ,11,829
J104,"Hisar, Haryana, India",Video Editor,others,Full-time,Mid-Senior level,11,Aral Digital Marketing Agency,Marketing & Advertising ,2,22
J105,"Hyderabad, Telangana, India",Data Analyst,Analyst,Full-time,Not given,200,Wipro,Information Technology & Services ,10001,6414174
J106,"Gurgaon, Haryana, India",Material Planning (Export/Import) and Inventoy Control,others,Full-time,Entry level,156,Maruti Suzuki India Limited,Automotive ,10001,633905
J107,"Bengaluru, Karnataka, India",MIS Executive,others,Full-time,Mid-Senior level,20,AyurVAID Hospitals,Hospital & Health Care ,51,8351
J108,"Pune, Maharashtra, India",Accountant,Accountant,Full-time,Entry level,200,Mahindra Truck and Bus,Automotive ,501,54049
J109,"Hyderabad, Telangana, India",Safety Officer,others,Full-time,Not given,200,Mace,Construction ,5001,365101
J110,"Delhi, Delhi, India",Associate- Internal Audit - Gurgaon,Associate,Full-time,Mid-Senior level,200,PwC India,Management Consulting ,5001,914515
J111,"Navi Mumbai, Maharashtra, India",Accounts Receivable Lead,Accountant,Full-time,Mid-Senior level,200,Reliance Retail,Retail ,10001,687136
J112,"Ahmedabad, Gujarat, India",Beiersdorf - Manager - Supply Chain,Manager,Full-time,Mid-Senior level,200,NIVEA INDIA,Consumer Goods ,501,122588
J113,"Gurgaon, Haryana, India",Digital Marketing Analyst,Analyst,Full-time,Entry level,200,Hyatt Regency,Hospitality ,10001,374139
J114,"Mumbai, Maharashtra, India",Director,others,Full-time,Director,200,PwC India,Management Consulting ,5001,914515
J115,"Bengaluru, Karnataka, India",Business Analyst,Analyst,Full-time,Not given,32,Shell,Oil & Energy ,10001,6057750
J116,"Bengaluru, Karnataka, India",Discovery Biology,others,Full-time,Entry level,72,Anthem Biosciences Private Limited,Pharmaceuticals ,1001,72580
J117,"Ahmedabad, Gujarat, India",Assistant Pharmacist,others,Full-time,Entry level,23,Medkart Pharmacy,Retail ,201,4800
J118,"Gurgaon, Haryana, India",Executive - Crew training,others,Full-time,Entry level,57,IndiGo (InterGlobe Aviation Ltd),Airlines/Aviation ,10001,392177
J119,"Chennai, Tamil Nadu, India",Software Engineer,others,Full-time,Mid-Senior level,200,Netmeds.com,"Health, Wellness & Fitness ",501,53635
J120,"Bengaluru, Karnataka, India",Analyst,Analyst,Full-time,Not given,200,Wipro,Information Technology & Services ,10001,6414174
J121,"Gurgaon, Haryana, India",Executive paramedic nurse,others,Full-time,Entry level,98,IndiGo (InterGlobe Aviation Ltd),Airlines/Aviation ,10001,392177
J122,"Gurgaon, Haryana, India",Administrative Assistant,others,Full-time,Not given,19,Moody's Corporation,Financial Services ,10001,150707
J123,"Mumbai, Maharashtra, India",Brand Executive � Marketing Activation,marketing,Full-time,Mid-Senior level,200,Unilever,Consumer Goods ,10001,18229634
J124,"Hyderabad, Telangana, India",Business Analyst,Analyst,Full-time,Not given,200,Deloitte,Management Consulting ,10001,11242133
J125,"Pune, Maharashtra, India",Influencer Marketing Internship in Pune at FirstCry.com,marketing,Full-time,Internship,59,FirstCry.com (BrainBees Solutions Pvt. Ltd.),Retail ,5001,57369
J126,"Mumbai, Maharashtra, India",Associate,Associate,Full-time,Entry level,200,PwC India,Management Consulting ,5001,914515
J127,"Hyderabad, Telangana, India",Zonal Manager - Domestic Hotel Supply,Manager,Full-time,Mid-Senior level,200,MakeMyTrip,Computer Software ,1001,457368
J128,"Hyderabad, Telangana, India",Clinical Research Associate,Associate,Full-time,Entry level,200,ICON Strategic Solutions,Pharmaceuticals ,10001,205044
J129,"Gurgaon, Haryana, India",Analyst / Senior Analyst� Data Science & Strategy,Analyst,Full-time,Mid-Senior level,10,American Express,Financial Services ,10001,1776398
J130,"Gurgaon, Haryana, India",Human Resources Generalist,others,Full-time,Mid-Senior level,65,SipnoTech,Computer Software ,2,189
J131,"Gurugram, Haryana, India",Process Specialist,others,Full-time,Not given,54,Wipro,Information Technology & Services ,10001,6414174
J132,"Bengaluru, Karnataka, India",Research Associate,Associate,Full-time,Associate,200,Infiniti Research Ltd.,Market Research ,501,85200
J133,"Pune, Maharashtra, India",Procurement Executive,others,Full-time,Mid-Senior level,200,Emerson,Mechanical Or Industrial Engineering ,10001,790715
J134,"Mumbai, Maharashtra, India",Head of Marketing,marketing,Full-time,Not given,36,All Time Filmy,Media Production ,2,37
J135,"Dhira, Himachal Pradesh, India",Quality Engineer (QA/QC),others,Full-time,Entry level,7,Tekniq Oy,Mechanical Or Industrial Engineering ,51,4685
J136,"Lucknow, Uttar Pradesh, India",Godrej Agrovet - Deputy General Manager - Human Resource,Manager,Full-time,Director,58,Godrej Industries Limited (Chemicals),Chemicals ,501,32525
J137,"Bengaluru, Karnataka, India",Business Operations Analyst,Analyst,Full-time,Not given,200,HP,Information Technology & Services ,10001,5143704
J138,"Pune, Maharashtra, India",Trainee Architect,others,Full-time,Internship,93,Indovance Inc.,Outsourcing/Offshoring ,201,11020
J139,"Bengaluru, Karnataka, India",Financial Analyst,Analyst,Full-time,Not given,200,HP,Information Technology & Services ,10001,5143704
J140,"Bengaluru, Karnataka, India",Senior Manager - Consumer Insights and Research,Manager,Full-time,Mid-Senior level,122,Swiggy,Computer Software ,1001,1212772
J141,"Bengaluru, Karnataka, India",Financial Analyst,Analyst,Full-time,Not given,200,HP,Information Technology & Services ,10001,5143704
J142,"Hyderabad, Telangana, India",Technical Project Manager,Manager,Full-time,Director,48,ideyaLabs,Information Technology & Services ,501,4412
J143,"Sanand, Gujarat, India",Process Coach - SCM,others,Full-time,Mid-Senior level,10,Ford Motor Company,Automotive ,10001,3723666
J144,"Gurgaon, Haryana, India",Assistant Manager,Manager,Full-time,Mid-Senior level,200,IndiGo (InterGlobe Aviation Ltd),Airlines/Aviation ,10001,392177
J145,"Chennai, Tamil Nadu, India",Lab Chemist,others,Full-time,Mid-Senior level,57,Cynosure Corporate Solutions,Staffing & Recruiting ,51,9066
J146,"Mumbai, Maharashtra, India",Manufacturing Head for a leading plastics packaging company,others,Full-time,Director,83,Michael Page,Staffing & Recruiting ,5001,3090244
J147,"Indore, Madhya Pradesh, India",Unit Head - P and L - Fulfilment Operations,others,Full-time,Mid-Senior level,50,BlackBuck (Zinka Logistics Solutions Pvt. Ltd.),Transportation/Trucking/Railroad ,5001,96938
J148,"Mumbai, Maharashtra, India",Sales Executive,sales,Full-time,Mid-Senior level,1,Acme Services,Human Resources ,51,79751
J149,"Pune, Maharashtra, India",Trainee MEP Engineer,others,Full-time,Internship,24,Indovance Inc.,Outsourcing/Offshoring ,201,11020
J150,"Noida, Uttar Pradesh, India",Revenue Operations Analyst,Analyst,Full-time,Mid-Senior level,200,Oracle,Information Technology & Services ,10001,8577113
J151,"Noida, Uttar Pradesh, India",Social Media Escalations Associate,Associate,Full-time,Entry level,82,Paytm Payments Bank,Banking ,1001,91335
J152,"Ahmedabad, Gujarat, India",Production Engineer,others,Full-time,Entry level,200,Shreeji Industries,Mechanical Or Industrial Engineering ,11,498
J153,"Bengaluru, Karnataka, India",Internal Audit - Bangalore - Associate,Associate,Full-time,Mid-Senior level,200,PwC India,Management Consulting ,5001,914515
J154,"Chennai, Tamil Nadu, India",Technical Recruiter,others,Full-time,Mid-Senior level,7,IndusTeqsite Pvt Ltd,Defense & Space ,201,2176
J155,"Delhi, Delhi, India","Product Analyst (Full Time, Remote)",Analyst,Full-time,Mid-Senior level,200,Hike,Computer Software ,51,351786
J156,"Ahmedabad, Gujarat, India",Site Engineer,others,Full-time,Entry level,106,RK HR Management Private Limited,Staffing & Recruiting ,11,11942
J157,"Hyderabad, Telangana, India",Director of Human Resources,others,Full-time,Director,200,24-7 Intouch,Outsourcing/Offshoring ,10001,102779
J158,"Mumbai, Maharashtra, India",Collection Advisor - BPO,others,Full-time,Mid-Senior level,111,Paytm,Financial Services ,10001,1101711
J159,"Gurgaon, Haryana, India","Manager, Digital Marketing - Social Content",marketing,Full-time,Mid-Senior level,200,The Coca-Cola Company,Food & Beverages ,10001,7070166
J160,"Lucknow, Uttar Pradesh, India",Producer,others,Full-time,Associate,200,Mirchi,Entertainment ,1001,218007
J161,"Bengaluru, Karnataka, India","Head - General Insurance Underwriting &, Product Development",others,Full-time,Director,27,PhonePe,Computer Software ,1001,524134
J162,"Vishakhapatnam, Andhra Pradesh, India",Lab Technician,others,Full-time,Entry level,1,Accurex Biomedical,Medical Device ,201,11296
J163,"Kolkata, West Bengal, India",CAD Draughtsman,others,Full-time,Entry level,31,SrinSoft Technologies,Information Technology & Services ,501,14172
J164,"Bengaluru, Karnataka, India",Business Associate-Proposal/ Bid Operations- Bangalore - PG Fresher - KPMG Global Services,Associate,Full-time,Director,200,KPMG India,Management Consulting ,10001,1401090
J165,"Ahmedabad, Gujarat, India",Industrial Engineer - General,others,Full-time,Mid-Senior level,200,Siemens Energy,Renewables & Environment ,10001,1044750
J166,"Pune, Maharashtra, India",Process Specialist,others,Full-time,Entry level,200,Infosys BPM,Information Technology & Services ,10001,779454
J167,"Ahmedabad, Gujarat, India",Job need for - Medical Affairs,others,Full-time,Entry level,14,CADILA HEALTHCARE LTD,Pharmaceuticals ,201,8539
J168,"Delhi, Delhi, India",Aditya Birla Fashion and Retail - Category Manager - Jaypore,Manager,Full-time,Mid-Senior level,200,Aditya Birla Fashion and Retail Ltd - Pantaloons,Retail ,5001,52391
J169,"Pune, Maharashtra, India",Procurement Lead - Non Perishables,others,Full-time,Mid-Senior level,70,Dunzo,Computer Software ,5001,270387
J170,"Kolkata, West Bengal, India",Mechanical Technician,others,Full-time,Entry level,54,Navin Group,Logistics & Supply Chain ,1001,1765
J171,"Gurgaon, Haryana, India",Fresher Mechanical Engineer,others,Full-time,Entry level,168,Spirale HR Solutions Pvt Ltd,Human Resources ,51,853
J172,"Mumbai, Maharashtra, India",Manager / SR Consultant | Management Consulting,Manager,Full-time,Mid-Senior level,200,PwC India,Management Consulting ,5001,914515
J173,"Chennai, Tamil Nadu, India",HR Director,Human-resourse,Full-time,Director,200,Antal International,Staffing & Recruiting ,1001,609997
J174,"Bengaluru, Karnataka, India",Financial Analyst,Analyst,Full-time,Not given,200,HP,Information Technology & Services ,10001,5143704
J175,"Ahmedabad, Gujarat, India",Head - Corporate HR,Human-resourse,Full-time,Director,200,CADILA HEALTHCARE LTD,Pharmaceuticals ,201,8539
J176,"Hyderabad, Telangana, India",Civil Engineer,others,Full-time,Not given,200,Mace,Construction ,5001,365101
J177,"Mumbai, Maharashtra, India",FP&A,others,Full-time,Mid-Senior level,25,Acme Services,Human Resources ,51,79751
J178,"Hyderabad, Telangana, India",Key Account Manager I,Accountant,Full-time,Mid-Senior level,121,Swiggy,Computer Software ,1001,1212772
J179,"Bengaluru, Karnataka, India",Australian Time Zone - Sales Development Representative (INDIA) - REMOTE,sales,Full-time,Not given,28,Fortanix,Computer & Network Security ,201,58114
J180,"Pune, Maharashtra, India",Graduate Analyst,Analyst,Full-time,Associate,48,Barclays,Financial Services ,10001,1306895
J181,"Chennai, Tamil Nadu, India",Engineer - Calibration,others,Full-time,Entry level,21,Mahindra Group,Executive Office ,10001,1071139
J182,"Bengaluru, Karnataka, India",Inventory Planner,others,Full-time,Mid-Senior level,200,cure.fit (cult.fit),"Health, Wellness & Fitness ",1001,276469
J183,"Delhi, Delhi, India",Factory Manager/ Sr. Factory Manager,Manager,Full-time,Mid-Senior level,4,Alom Poly Extrusions Ltd.,Plastics ,501,1472
J184,"Mumbai, Maharashtra, India","Manager, Films and Series Marketing - India",marketing,Full-time,Not given,200,Netflix,Entertainment ,10001,9322430
J185,"Mumbai, Maharashtra, India",Client Partner:Travel and Education,others,Full-time,Mid-Senior level,200,Spotify,Music ,5001,3079803
J186,"Lucknow, Uttar Pradesh, India","Unit Head(Leading Hospital Chain, Multiple locations)",others,Full-time,Director,10,Michael Page,Staffing & Recruiting ,5001,3090244
J187,"Bengaluru, Karnataka, India",Arvind - Manager - eCommerce,Manager,Full-time,Mid-Senior level,200,Arvind Limited,Apparel & Fashion ,10001,135491
J188,"Gurugram, Haryana, India",Intern/ Trainee,others,Full-time,Internship,200,PwC India,Management Consulting ,5001,914515
J189,"Pune, Maharashtra, India",Airport Ground Staff,others,Full-time,Executive,42,Airbov Solutions,Information Technology & Services ,11,272
J190,"Pune, Maharashtra, India",System Administrator - 300822,others,Full-time,Mid-Senior level,45,SirionLabs,Computer Software ,501,89499
J191,"Gurgaon, Haryana, India",learning and development-GTS,others,Full-time,Entry level,129,Maruti Suzuki India Limited,Automotive ,10001,633905
J192,India,Talent Acquisition Operations Coordinator,others,Full-time,Entry level,200,WarnerMedia,Entertainment ,10001,639229
J193,"Hyderabad, Telangana, India",Sales Associate - B2B,Associate,Full-time,Entry level,73,Dunzo,Computer Software ,5001,270387
J194,"Chennai, Tamil Nadu, India",Voyage Claims Specialist,others,Full-time,Not given,20,Shell,Oil & Energy ,10001,6057750
J195,"Gurgaon, Haryana, India",Regional Airports Manager - India and Maldives,Manager,Full-time,Mid-Senior level,200,British Airways,Airlines/Aviation ,10001,701423
J196,"Gurgaon, Haryana, India",Human Resources Officer,others,Full-time,Entry level,200,Hyatt Regency,Hospitality ,10001,374139
J197,"Bengaluru, Karnataka, India",TCS BPS hiring For Insurance Analyst-Bangalore Location,Analyst,Full-time,Mid-Senior level,200,Tata Consultancy Services,Information Technology & Services ,10001,11344528
J198,"Delhi, Delhi, India",Associate- Internal Audit - Gurgaon,Associate,Full-time,Mid-Senior level,200,PwC India,Management Consulting ,5001,914515
J199,"Gurgaon, Haryana, India","Junior Analyst - Accounting, Reporting and Control Coordinator",Analyst,Full-time,Mid-Senior level,47,Dyson,Electrical & Electronic Manufacturing ,10001,320902
J200,"Mumbai, Maharashtra, India",Project Assistant,others,Full-time,Entry level,61,Jet Airways,Airlines/Aviation ,10001,288983
J201,"Chennai, Tamil Nadu, India",Petroleum Engineer,others,Full-time,Entry level,108,Mahindra Truck and Bus,Automotive ,501,54049
J202,"Pune, Maharashtra, India",Team Assistant,others,Full-time,Mid-Senior level,200,Siemens Energy,Renewables & Environment ,10001,1044750
J203,"Delhi, Delhi, India",Need urgent driver,others,Full-time,Entry level,36,Uou,Marketing & Advertising ,2,137
J204,"Gurgaon, Haryana, India",Customer Care Executive,others,Full-time,Mid-Senior level,32,Cashify,Consumer Services ,501,27232
J205,"Pune, Maharashtra, India",Urgent Opening for Airport Ground Staff,others,Full-time,Executive,61,Airbov Solutions,Information Technology & Services ,11,272
J206,"Chennai, Tamil Nadu, India",IT SUPPORT,others,Full-time,Associate,7,Recruiting India,Staffing & Recruiting ,11,3948
J207,"Bangalore Urban, Karnataka, India",People Administrator,others,Full-time,Mid-Senior level,15,Stats Perform,Sports ,1001,62051
J208,"Delhi, Delhi, India",Manual Tester,others,Full-time,Associate,46,HyrEzy Talent Solutions LLP,Staffing & Recruiting ,11,1865
J209,"Delhi, Delhi, India",Associate,Associate,Full-time,Entry level,200,PwC India,Management Consulting ,5001,914515
J210,"Delhi, Delhi, India",Associate - Gurgaon- Technology Consulting,Associate,Full-time,Entry level,127,PwC India,Management Consulting ,5001,914515
J211,"Hyderabad, Telangana, India",Staff Accountant,Accountant,Full-time,Not given,44,UWorld,E-learning ,501,49242
J212,"Pune, Maharashtra, India",Financial Admin Assistant,others,Full-time,Entry level,135,UPS,Transportation/Trucking/Railroad ,10001,1614205
J213,"Lucknow, Uttar Pradesh, India",Hr Executive,Human-resourse,Full-time,Mid-Senior level,19,ShiningStars ITPL,Human Resources ,51,978
J214,"Bengaluru, Karnataka, India",Project Manager,Manager,Full-time,Mid-Senior level,200,Allstate India,Information Technology & Services ,5001,100736
J215,"Delhi, Delhi, India",Project Manager,Manager,Full-time,Entry level,200,VMware,Computer Software ,10001,1797512
J216,"Chennai, Tamil Nadu, India",Vice President - Project Execution,others,Full-time,Executive,196,Antal International,Staffing & Recruiting ,1001,609997
J217,"Ahmedabad, Gujarat, India",HR Assistant,Human-resourse,Full-time,Entry level,10,Mspire HR Solutions (Unit of Mspire Ventures Private Limited),Staffing & Recruiting ,11,3242
J218,"Bengaluru, Karnataka, India",Quality Engineer (Manual),others,Full-time,Entry level,200,CallHub,Computer Software ,11,33650
J219,"Noida, Uttar Pradesh, India",Customer Service Representative,others,Full-time,Not given,200,Wipro,Information Technology & Services ,10001,6414174
J220,"Delhi, Delhi, India",Civil Engineer,others,Full-time,Not given,200,Mace,Construction ,5001,365101
J221,"Bengaluru, Karnataka, India",Associate-Financial Accounting,Accountant,Full-time,Not given,200,Tesco Bengaluru,Retail ,5001,205552
J222,"Mumbai, Maharashtra, India",Product Development Manager- SUGAR Cosmetics,Manager,Full-time,Mid-Senior level,34,SUGAR Cosmetics,Cosmetics ,201,129066
J223,"Lucknow, Uttar Pradesh, India",Zonal Sales,sales,Full-time,Mid-Senior level,37,Acme Services,Human Resources ,51,79751
J224,"Delhi, Delhi, India",Furniture Carpenter,others,Full-time,Entry level,5,Rentickle,Computer Software ,51,15207
J225,"Bengaluru, Karnataka, India",Product Design Internship in Bangalore at Workex,others,Full-time,Internship,30,Workex,Human Resources ,51,20035
J226,"Hyderabad, Telangana, India",Executive HR Operations,Human-resourse,Full-time,Mid-Senior level,10,Reckitt,Consumer Goods ,10001,1109503
J227,"Mumbai, Maharashtra, India","Manager/ Senior Manager - Costing and Budgeting, Mumbai",Manager,Full-time,Mid-Senior level,200,Godrej Properties Limited,Real Estate ,1001,419717
J228,"Gurgaon, Haryana, India",Brand Manager -PC,Manager,Full-time,Mid-Senior level,200,Dyson,Electrical & Electronic Manufacturing ,10001,320902
J229,"Gurgaon, Haryana, India","Account Director, LinkedIn Talent Solutions",Accountant,Full-time,Not given,141,LinkedIn,Computer Software ,10001,24053189
J230,"Pune, Maharashtra, India",Supply Chain Manager,Manager,Full-time,Mid-Senior level,200,Forms+Surfaces,Architecture & Planning ,501,24498
J231,"Gurgaon, Haryana, India",Assistant Manager,Manager,Full-time,Mid-Senior level,200,KPMG India,Management Consulting ,10001,1401090
J232,"Pune, Maharashtra, India",Regional Manager - Sales (B2B),sales,Full-time,Not given,200,Michelin,Automotive ,10001,639220
J233,"Pune, Maharashtra, India",Senior Finance Accountant,Accountant,Full-time,Mid-Senior level,200,SMS-Magic,Computer Software ,51,25159
J234,"Hyderabad, Telangana, India",Health Coach (Nurse),others,Full-time,Associate,8,NanoHealth,"Health, Wellness & Fitness ",11,1123
J235,"Hyderabad, Telangana, India",Associate,Associate,Full-time,Entry level,200,PwC India,Management Consulting ,5001,914515
J236,"Pune, Maharashtra, India",Looking for HR Recruiter in Pune,Human-resourse,Full-time,Mid-Senior level,50,SevenMentor Pvt Ltd,Computer Software ,51,12571
J237,"Gurgaon, Haryana, India",Regional Safety and Security Manager,Manager,Full-time,Mid-Senior level,200,Airbnb,Computer Software ,5001,2219932
J238,"Gurgaon, Haryana, India",Executive - Invoicing,others,Full-time,Executive,149,IndiGo (InterGlobe Aviation Ltd),Airlines/Aviation ,10001,392177
J239,"Gurgaon, Haryana, India",Area Sales Manager,sales,Full-time,Mid-Senior level,200,3M,Mechanical Or Industrial Engineering ,10001,1974057
J240,"Mumbai, Maharashtra, India",Frontend Developer,Developer,Full-time,Director,71,Truemeds India,Pharmaceuticals ,201,18589
J241,India,Talent Acquisition Lead - India,others,Full-time,Mid-Senior level,200,WarnerMedia,Entertainment ,10001,639229
J242,"Noida, Uttar Pradesh, India",Recruitment - Manager,Manager,Full-time,Mid-Senior level,200,Paytm,Financial Services ,10001,1101711
J243,"Pune, Maharashtra, India",Electrical Designer,others,Full-time,Associate,13,Brunel,Staffing & Recruiting ,10001,494823
J244,"Bengaluru, Karnataka, India",Designer - Solidworks,others,Full-time,Entry level,17,SrinSoft Technologies,Information Technology & Services ,501,14172
J245,"Pune, Maharashtra, India",Design Engineer (CAD Draftsman),others,Full-time,Entry level,70,Howden,Mechanical Or Industrial Engineering ,5001,70131
J246,"Pune, Maharashtra, India",CAD Draughtsman,others,Full-time,Entry level,25,SrinSoft Technologies,Information Technology & Services ,501,14172
J247,"Mumbai, Maharashtra, India",Manager,Manager,Full-time,Mid-Senior level,43,PwC India,Management Consulting ,5001,914515
J248,"Pune, Maharashtra, India",Engineer CAD,others,Full-time,Entry level,200,Emerson,Mechanical Or Industrial Engineering ,10001,790715
J249,"Lucknow, Uttar Pradesh, India",Assistant Manager - Human Resources,Manager,Full-time,Director,200,Hyatt Regency,Hospitality ,10001,374139
J250,"New Delhi, Delhi, India","Lead Product Marketing ( Full Time, Remote )",marketing,Full-time,Mid-Senior level,79,Hike,Computer Software ,51,351786
J251,"Gurgaon, Haryana, India",Social Lead - INSWA,others,Full-time,Mid-Senior level,200,The Coca-Cola Company,Food & Beverages ,10001,7070166
J252,"Chennai, Tamil Nadu, India",Fresher Mechanical Engineer,others,Full-time,Entry level,10,Spirale HR Solutions Pvt Ltd,Human Resources ,51,853
J253,"Chennai, Tamil Nadu, India",Web Designer,others,Full-time,Entry level,57,Cynosure Corporate Solutions,Staffing & Recruiting ,51,9066
J254,"Pune, Maharashtra, India",Software Engineer-Test,others,Full-time,Associate,200,PhonePe,Computer Software ,1001,524134
J255,"Pune, Maharashtra, India",Hr Generalist,Human-resourse,Full-time,Mid-Senior level,53,Actualise Business Solutions,Human Resources ,11,3863
J256,"Pune, Maharashtra, India",Junior Engineer,others,Full-time,Associate,200,GE Aerospace,Aviation & Aerospace ,10001,843672
J257,"Pune, Maharashtra, India",Intern,others,Full-time,Internship,111,Cerence Inc.,Computer Software ,1001,27194
J258,"Chennai, Tamil Nadu, India",Supplier Quality Assurance,others,Full-time,Mid-Senior level,200,Hyundai Motor India Ltd.,Automotive ,5001,1084800
J259,"Mumbai, Maharashtra, India",Manager / SR Consultant | Management Consulting,Manager,Full-time,Mid-Senior level,200,PwC India,Management Consulting ,5001,914515
J260,"Maharashtra, India",Logistics Head,others,Full-time,Director,73,MASTER MIND CONSULTANCY,Staffing & Recruiting ,11,4908
J261,"Chennai, Tamil Nadu, India",Data Analyst - Supply Chain,Analyst,Full-time,Not given,200,Logitech,Consumer Electronics ,5001,228187
J262,"Gurgaon, Haryana, India",Manager,Manager,Full-time,Mid-Senior level,200,KPMG India,Management Consulting ,10001,1401090
J263,"Lucknow, Uttar Pradesh, India",General Manager - Marketing,marketing,Full-time,Executive,164,The Phoenix Mills Ltd.,Real Estate ,501,22470
J264,"Gurgaon, Haryana, India",Sr. Logistics Specialist,others,Full-time,Mid-Senior level,200,Crocs,Consumer Goods ,1001,61755
J265,"Hyderabad, Telangana, India",Associate - Hyderabad,Associate,Full-time,Mid-Senior level,200,PwC India,Management Consulting ,5001,914515
J266,"Noida, Uttar Pradesh, India",Business Analyst,Analyst,Full-time,Mid-Senior level,200,Oracle,Information Technology & Services ,10001,8577113
J267,"Gurgaon, Haryana, India",Accountant,Accountant,Full-time,Mid-Senior level,200,Airbnb,Computer Software ,5001,2219932
J268,"Mumbai, Maharashtra, India",Financial Planning and Analysis,others,Full-time,Mid-Senior level,7,Nium,Financial Services ,501,122727
J269,"Bengaluru, Karnataka, India",Manager,Manager,Full-time,Mid-Senior level,31,PwC India,Management Consulting ,5001,914515
J270,"Chennai, Tamil Nadu, India",React js,others,Full-time,Associate,37,CodeGama,Computer Software ,11,9089
J271,"Mumbai, Maharashtra, India",Manager � Procurement,Manager,Full-time,Mid-Senior level,200,Pidilite Industries Limited,Consumer Goods ,1001,413714
J272,"Gurgaon, Haryana, India",Budgeting & Costing,others,Full-time,Not given,97,Maruti Suzuki India Limited,Automotive ,10001,633905
J273,"Gurgaon, Haryana, India",Assistant Manager-QA&TS,Manager,Full-time,Mid-Senior level,51,IndiGo (InterGlobe Aviation Ltd),Airlines/Aviation ,10001,392177
J274,"Mumbai, Maharashtra, India",Manager/Senior Manager - Administration,Manager,Full-time,Mid-Senior level,200,IndiGo (InterGlobe Aviation Ltd),Airlines/Aviation ,10001,392177
J275,"Lucknow, Uttar Pradesh, India",Staff Nurse,others,Full-time,Mid-Senior level,6,Alliance Recruitment Agency,Human Resources ,51,15165
J276,"Delhi, Delhi, India",Assistant Manager - Central,Manager,Full-time,Not given,200,Flipkart,Computer Software ,10001,3094261
J277,"Mumbai, Maharashtra, India",Associate- Market Risk(Finance),Associate,Full-time,Not given,154,Morgan Stanley,Financial Services ,10001,2398039
J278,"Hyderabad, Telangana, India",Manager,Manager,Full-time,Mid-Senior level,200,Genpact,Information Technology & Services ,10001,2264446
J279,"Chennai, Tamil Nadu, India",Mechanical Design Engineer,others,Full-time,Entry level,200,ZF Group,Automotive ,10001,890111
J280,"Mumbai, Maharashtra, India",Account Manager - Sales,Accountant,Full-time,Not given,193,Procter & Gamble,Consumer Goods ,10001,7186774
J281,"Mumbai, Maharashtra, India",Brand Executive,others,Full-time,Associate,200,Marico Limited,Consumer Goods ,1001,556727
J282,"Gurgaon, Haryana, India",Assistant Manager,Manager,Full-time,Mid-Senior level,200,KPMG India,Management Consulting ,10001,1401090
J283,"Bengaluru, Karnataka, India",Accountant,Accountant,Full-time,Entry level,200,Jet Airways,Airlines/Aviation ,10001,288983
J284,"Pune, Maharashtra, India",APAC Recruiter,others,Contract,Mid-Senior level,200,Capgemini,Information Technology & Services ,10001,5198624
J285,"Chennai, Tamil Nadu, India",Supply Chain Consultant,others,Full-time,Mid-Senior level,200,Tata Consultancy Services,Information Technology & Services ,10001,11344528
J286,Mumbai Metropolitan Region,Sales Manager -  CASA Acquisition,sales,Full-time,Associate,168,IndusInd Bank,Banking ,10001,979068
J287,"Delhi, Delhi, India",Area Sales Manager,sales,Full-time,Mid-Senior level,200,Pidilite Industries Limited,Consumer Goods ,1001,413714
J288,"Delhi, Delhi, India",Frontend Developer,Developer,Full-time,Entry level,47,Quadrangle,Human Resources ,51,9998
J289,"Gurgaon, Haryana, India",Senior Analyst � Digital & eCommerce,Analyst,Full-time,Mid-Senior level,200,The Coca-Cola Company,Food & Beverages ,10001,7070166
J290,"Mumbai, Maharashtra, India",Director of Sales India,sales,Full-time,Director,200,Spotify,Music ,5001,3079803
J291,"Sahibzada Ajit Singh Nagar, Punjab, India",React .Js Fresher,others,Full-time,Associate,10,SofSter,Information Technology & Services ,11,1448
J292,"Pune, Maharashtra, India",Area Service Manager,Manager,Full-time,Mid-Senior level,52,Mahindra Group,Executive Office ,10001,1071139
J293,"Delhi, Delhi, India",Sales Manager I - Meat Stores,sales,Full-time,Mid-Senior level,200,Swiggy,Computer Software ,1001,1212772
J294,"Kochi, Kerala, India",Photography/Videography Internship in Kochi at Spinny,others,Full-time,Internship,7,Spinny,Automotive ,1001,138178
J295,"Pune, Maharashtra, India",Finance Analyst,Analyst,Full-time,Entry level,10,UPS,Transportation/Trucking/Railroad ,10001,1614205
J296,"Pune, Maharashtra, India",SAP MM Consultant,others,Full-time,Mid-Senior level,200,Infosys,Information Technology & Services ,10001,6467437
J297,"Bengaluru, Karnataka, India",Senior Project Manager,Manager,Full-time,Mid-Senior level,200,Unilever,Consumer Goods ,10001,18229634
J298,"Mumbai, Maharashtra, India",Medical Representative,others,Full-time,Entry level,16,OASIS - HR CONSULTANT,Human Resources ,11,22077
J299,"Mumbai, Maharashtra, India",Assistant Brand Manager,Manager,Full-time,Mid-Senior level,200,Unilever,Consumer Goods ,10001,18229634
J300,"Pune, Maharashtra, India",Manufacturing Engineer,others,Full-time,Entry level,151,Mahindra Group,Executive Office ,10001,1071139
J301,"Alipur, Delhi, India",Empregado Refeit�rio (M/F) Valen�a,others,Full-time,Entry level,10,ITAU,Restaurants ,1001,6461
J302,"Noida, Uttar Pradesh, India",Work from Home- Voice Assistant,others,Full-time,Entry level,200,Tech Mahindra,Information Technology & Services ,10001,3917491
J303,"Gurgaon, Haryana, India",Executive Crew Planning,others,Full-time,Entry level,152,IndiGo (InterGlobe Aviation Ltd),Airlines/Aviation ,10001,392177
J304,"Mumbai, Maharashtra, India",Sales Trainee,sales,Full-time,Mid-Senior level,60,Mahindra Holidays & Resorts India Limited,Hospitality ,10001,116062
J305,"Delhi, Delhi, India",Director of Finance,others,Full-time,Director,200,Hyatt Regency,Hospitality ,10001,374139
J306,"Noida, Uttar Pradesh, India",Analyst,Analyst,Full-time,Not given,200,Wipro,Information Technology & Services ,10001,6414174
J307,"Bengaluru, Karnataka, India",Quality Specialist,others,Full-time,Entry level,200,PhonePe,Computer Software ,1001,524134
J308,"Pune, Maharashtra, India",Purchasing Manager,Manager,Full-time,Not given,10,"KSB Limited, UK",Mechanical Or Industrial Engineering ,51,8677
J309,"Lucknow, Uttar Pradesh, India",Customer Support Executive,others,Full-time,Mid-Senior level,20,eFeed,Farming ,2,1562
J310,"Ahmedabad, Gujarat, India",Jr. Human Resource,others,Full-time,Entry level,200,Paperclip Design,Design ,2,2305
J311,"Mumbai, Maharashtra, India","Store Manager, Mumbai",Manager,Full-time,Mid-Senior level,200,Bulgari,Luxury Goods & Jewelry ,1001,739321
J312,"Delhi, Delhi, India",Specialist - Gurgaon- DS&O (Deals Strategy & Operations),others,Full-time,Mid-Senior level,176,PwC India,Management Consulting ,5001,914515
J313,"Noida, Uttar Pradesh, India",Environmental Engineer,others,Full-time,Entry level,137,Pollucon Technologies Limited,Construction ,51,344
J314,"Chennai, Tamil Nadu, India",Mechanical Technician,others,Full-time,Entry level,20,ShiningStars ITPL,Human Resources ,51,978
J315,"Gurgaon, Haryana, India",Executive,others,Full-time,Executive,200,KPMG India,Management Consulting ,10001,1401090
J316,"Chennai, Tamil Nadu, India",Hiring for AR Callers !!,others,Full-time,Entry level,1,Softone HR Solutions,Staffing & Recruiting ,11,3802
J317,"Lucknow, Uttar Pradesh, India",Zonal Sales Manager (Lucknow),sales,Full-time,Mid-Senior level,45,Mee 2 Bee Smart Services Pvt. Ltd.,Management Consulting ,2,4856
J318,"Delhi, Delhi, India",Electrician,others,Full-time,Entry level,28,High Street Essentials,Retail ,501,676
J319,"Mumbai, Maharashtra, India",Associate,Associate,Full-time,Entry level,174,PwC India,Management Consulting ,5001,914515
J320,"Mumbai, Maharashtra, India",Manager - Project Maintenance,Manager,Full-time,Entry level,200,Godrej Group,Consumer Goods ,10001,278190
J321,"Pune, Maharashtra, India",Civil - Trainee Design Engineer,others,Full-time,Internship,200,Indovance Inc.,Outsourcing/Offshoring ,201,11020
J322,"Ahmedabad, Gujarat, India",Project Engineer - (Civil),others,Full-time,Entry level,200,PeopleTree Knowledge Services Pvt. Ltd.,Information Technology & Services ,51,2939
J323,"Mumbai, Maharashtra, India",Business Manager,Manager,Full-time,Director,200,Tata Trusts,Non-profit Organization Management ,201,131544
J324,"Bengaluru, Karnataka, India",Customer Relationship Executive - Bangalore,others,Contract,Mid-Senior level,34,Aditya Birla Finance Limited,Financial Services ,1001,55446
J325,"Bengaluru, Karnataka, India",Acquisition Marketing Manager,marketing,Full-time,Not given,200,LinkedIn,Computer Software ,10001,24053189
J326,"Mumbai, Maharashtra, India",Customer Support Executive,others,Full-time,Mid-Senior level,20,PayU,Financial Services ,1001,184462
J327,"Gurgaon, Haryana, India",Executive crew control and logistics,others,Full-time,Entry level,110,IndiGo (InterGlobe Aviation Ltd),Airlines/Aviation ,10001,392177
J328,"Ahmedabad, Gujarat, India",Operator - Manufacturing,others,Full-time,Entry level,6,CADILA HEALTHCARE LTD,Pharmaceuticals ,201,8539
J329,"Mumbai, Maharashtra, India",Intern - HR Operations,Human-resourse,Internship,Internship,200,ZEE5,Entertainment ,201,143935
J330,"Ahmedabad, Gujarat, India",PM/PMO,others,Full-time,Mid-Senior level,22,Stridely Solutions,Information Technology & Services ,201,21914
J331,"Ahmedabad, Gujarat, India",Front Desk/Admin,others,Full-time,Entry level,12,Stridely Solutions,Information Technology & Services ,201,21914
J332,"Pune, Maharashtra, India",Trainer & Content Manager,Manager,Full-time,Mid-Senior level,2,SkillSphere Education,Education Management ,11,696
J333,"Hyderabad, Telangana, India",Store Manager - Retail (3-5 yrs),Manager,Full-time,Mid-Senior level,52,Urban Ladder,Computer Software ,501,83566
J334,"Lucknow, Uttar Pradesh, India",Manager-Regional Rural Sales,sales,Full-time,Mid-Senior level,55,Mahindra Group,Executive Office ,10001,1071139
J335,"Ahmedabad, Gujarat, India",Site Supervisor,others,Full-time,Mid-Senior level,101,Flipspaces,Design ,51,26542
J336,"Delhi, Delhi, India",Director of Operation,others,Full-time,Director,200,ANdAZ,Hospitality ,10001,20695
J337,"Mumbai, Maharashtra, India",Logistics Manager,Manager,Full-time,Mid-Senior level,200,Reckitt,Consumer Goods ,10001,1109503
J338,"Chennai, Tamil Nadu, India",Head - Manufacturing - Vehicle Assembly,others,Full-time,Director,86,Inspire consultancy services pvt. ltd,Human Resources ,11,567
J339,"Pune, Maharashtra, India",Frontend Developer,Developer,Full-time,Entry level,200,3DEXCITE,Marketing & Advertising ,501,26429
J340,"Hyderabad, Telangana, India",Accounts Receivable Analyst [T500-5812],Analyst,Full-time,Mid-Senior level,200,PepsiCo,Food & Beverages ,10001,6909195
J341,"Gurgaon, Haryana, India",Executive,others,Full-time,Executive,200,KPMG India,Management Consulting ,10001,1401090
J342,"Mumbai, Maharashtra, India",HRBP,Human-resourse,Full-time,Director,41,Reliance Jio Infocom Limited,Electrical & Electronic Manufacturing ,0,42081
J343,"Varanasi, Uttar Pradesh, India",Medical Sales Representative,sales,Full-time,Entry level,21,EEPIC Management,Human Resources ,11,916
J344,India,Head of Customer Service,others,Full-time,Director,200,Cactus Communications,Computer Software ,1001,494454
J345,"Kakori, Uttar Pradesh, India",Field Sales Development Manager- TrueValue,sales,Full-time,Mid-Senior level,200,Maruti Suzuki India Limited,Automotive ,10001,633905
J346,"Salem, Tamil Nadu, India",Kitchen Staff Substitute,others,Part-time,Entry level,10,Opaa! Food Management,Food & Beverages ,1001,1629
J347,"Bengaluru, Karnataka, India",Financial Analyst,Analyst,Full-time,Not given,200,HP,Information Technology & Services ,10001,5143704
J348,"Pune, Maharashtra, India",Financial Accountant,Accountant,Full-time,Not given,200,UBS,Financial Services ,10001,1252029
J349,"Bengaluru, Karnataka, India",Customer Support Executive,others,Full-time,Not given,200,Infosys BPM,Information Technology & Services ,10001,779454
J350,"Kolkata, West Bengal, India",UI-UX Designer,others,Full-time,Entry level,93,Godrej Infotech Ltd,Information Technology & Services ,501,24045
J351,"Chennai, Tamil Nadu, India",AVP - Maintenance/Engineering - FMCG,others,Full-time,Entry level,25,People Connect Placements Pvt Ltd,Staffing & Recruiting ,11,13223
J352,"Pune, Maharashtra, India",Sales Manager,sales,Full-time,Director,105,Hyatt Regency,Hospitality ,10001,374139
J353,"Pune, Maharashtra, India",Graduate Analyst,Analyst,Full-time,Associate,44,Barclays,Financial Services ,10001,1306895
J354,"Bengaluru, Karnataka, India",Senior Executive Finance,others,Full-time,Mid-Senior level,200,Unilever,Consumer Goods ,10001,18229634
J355,"Lucknow, Uttar Pradesh, India",Quality Assurance,others,Full-time,Mid-Senior level,9,e.Soft Technologies Pvt Ltd,Information Technology & Services ,201,11417
J356,"Gurgaon, Haryana, India",Executive- Social Media,others,Full-time,Mid-Senior level,200,IndiGo (InterGlobe Aviation Ltd),Airlines/Aviation ,10001,392177
J357,"Ahmedabad, Gujarat, India",Regional Customer Manager,Manager,Full-time,Mid-Senior level,200,Pidilite Industries Limited,Consumer Goods ,1001,413714
J358,"Lucknow, Uttar Pradesh, India",Credit Manager,Manager,Full-time,Associate,183,Fastline Global Recruitment Services,Staffing & Recruiting ,51,7639
J359,"Pune, Maharashtra, India",Key Account Manage- Sales (B2B),Accountant,Full-time,Not given,74,Michelin,Automotive ,10001,639220
J360,"Ahmedabad, Gujarat, India",Quality Engineer,others,Full-time,Entry level,200,Kaivanya Extrusion Technik,Mechanical Or Industrial Engineering ,11,2298
J361,"Ahmedabad, Gujarat, India",Talent Acquisition,others,Full-time,Entry level,24,Stridely Solutions,Information Technology & Services ,201,21914
J362,"Ahmedabad, Gujarat, India",HR Executive,Human-resourse,Full-time,Not given,54,Technous Infotech,Information Technology & Services ,51,406
J363,"Mumbai, Maharashtra, India",Data Analyst,Analyst,Full-time,Not given,200,UBS,Financial Services ,10001,1252029
J364,"Bengaluru, Karnataka, India",Urgent | Job Opening for FRESHERS Human Resources Executive - Work From Office,others,Full-time,Mid-Senior level,93,Onjob Group,Human Resources ,51,500
J365,"Chennai, Tamil Nadu, India",Accounts Payable,Accountant,Full-time,Entry level,181,Calibehr Business Support Services Pvt. Ltd.,Information Technology & Services ,10001,10450
J366,"Gurgaon, Haryana, India",Customer Support Executive,others,Full-time,Mid-Senior level,10,Cashify,Consumer Services ,501,27232
J367,"Surat, Gujarat, India",Photography/Videography Internship in Surat at Spinny,others,Full-time,Internship,5,Spinny,Automotive ,1001,138178
J368,"Mumbai, Maharashtra, India",Manager,Manager,Full-time,Mid-Senior level,177,PwC India,Management Consulting ,5001,914515
J369,"Delhi, Delhi, India",Associate - Gurgaon - Technology Consulting,Associate,Full-time,Entry level,200,PwC India,Management Consulting ,5001,914515
J370,"Mumbai, Maharashtra, India",Linux Administrator,others,Full-time,Entry level,66,Godrej Infotech Ltd,Information Technology & Services ,501,24045
J371,"Pune, Maharashtra, India",Financial Admin Assistant,others,Full-time,Entry level,139,UPS,Transportation/Trucking/Railroad ,10001,1614205
J372,"Mumbai, Maharashtra, India",Quality Assurance - (Manual Tester),others,Full-time,Mid-Senior level,41,Truemeds India,Pharmaceuticals ,201,18589
J373,"Lucknow, Uttar Pradesh, India",Urgent Hiring for Ground Staff Job,others,Full-time,Executive,48,Airbov Solutions,Information Technology & Services ,11,272
J374,Greater Chennai Area,Cluster Manager,Manager,Full-time,Mid-Senior level,40,Dyson,Electrical & Electronic Manufacturing ,10001,320902
J375,"Ahmedabad, Gujarat, India",Legal Manager,Manager,Full-time,Mid-Senior level,200,ICICI Lombard,Insurance ,5001,177589
J376,"Ahmedabad, Gujarat, India",Telecaller,others,Full-time,Entry level,10,eGovernance,Information Technology & Services ,11,378
J377,"Pune, Maharashtra, India",Financial Admin Assistant,others,Full-time,Entry level,105,UPS,Transportation/Trucking/Railroad ,10001,1614205
J378,"Bengaluru, Karnataka, India",Buyer,others,Full-time,Not given,116,ABB,Electrical & Electronic Manufacturing ,10001,2933382
J379,"Bengaluru, Karnataka, India",Frontend Developer,Developer,Full-time,Entry level,151,WisdmLabs,Information Technology & Services ,51,6917
J380,"Bengaluru, Karnataka, India",Software Testing Internship in Bangalore at Euphotic Labs Private Limited,others,Full-time,Internship,30,Pine Labs,Information Technology & Services ,1001,130565
J381,"Hyderabad, Telangana, India",Analyst - Analytics & Behavioral Insights,Analyst,Full-time,Not given,200,Deloitte,Management Consulting ,10001,11242133
J382,"Hyderabad, Telangana, India",Business Analyst,Analyst,Full-time,Not given,200,Deloitte,Management Consulting ,10001,11242133
J383,"Delhi, Delhi, India",Hr Officer,Human-resourse,Full-time,Entry level,47,SMC Global Securities Ltd.,Investment Banking ,1001,3333
J384,"Delhi, Delhi, India",Manager,Manager,Full-time,Mid-Senior level,10,PwC India,Management Consulting ,5001,914515
J385,"Bengaluru, Karnataka, India",Product Intern,others,Full-time,Internship,43,Volopay,Computer Software ,51,21688
J386,"Pune, Maharashtra, India",HR Executive,Human-resourse,Full-time,Mid-Senior level,200,Indovance Inc.,Outsourcing/Offshoring ,201,11020
J387,"Bengaluru, Karnataka, India",Associate,Associate,Full-time,Entry level,200,PwC India,Management Consulting ,5001,914515
J388,"Lucknow, Uttar Pradesh, India",Category Manager,Manager,Full-time,Mid-Senior level,200,Urban Company,Computer Software ,1001,308121
J389,"Ahmedabad, Gujarat, India",Accountant,Accountant,Full-time,Mid-Senior level,11,Jain Dairy,Dairy ,51,131
J390,"Chennai, Tamil Nadu, India",Software Engineer - Entry Level - Java,others,Full-time,Entry level,170,Xybion Digital,Computer Software ,201,16503
J391,"Mumbai, Maharashtra, India",Executive Assistant to MD,others,Full-time,Mid-Senior level,42,Acme Services,Human Resources ,51,79751
J392,"Hyderabad, Telangana, India",hiring for QA - QMS,others,Full-time,Entry level,67,CADILA HEALTHCARE LTD,Pharmaceuticals ,201,8539
J393,"Mumbai, Maharashtra, India",Data Analyst,Analyst,Full-time,Associate,45,Experian,Information Services ,10001,512129
J394,"Pune, Maharashtra, India",Financial Admin Assistant,others,Full-time,Entry level,90,UPS,Transportation/Trucking/Railroad ,10001,1614205
J395,"Chennai, Tamil Nadu, India",Office Administrator,others,Full-time,Associate,94,Hexr Factory,Information Technology & Services ,11,1342
J396,"Bengaluru, Karnataka, India",Customer Support,others,Contract,Mid-Senior level,200,Infosys BPM,Information Technology & Services ,10001,779454
J397,"Gurgaon, Haryana, India",Assistant Manager,Manager,Full-time,Mid-Senior level,200,KPMG India,Management Consulting ,10001,1401090
J398,"Mumbai, Maharashtra, India",Order Processing India,others,Full-time,Entry level,68,Varian,Medical Device ,5001,235925
J399,"Lucknow, Uttar Pradesh, India",Key Accounts Manager - Deputy Manager,Accountant,Full-time,Mid-Senior level,200,Paytm,Financial Services ,10001,1101711
J400,"Lucknow, Uttar Pradesh, India",Human Resources (HR) Internship in Lucknow at Ziqitza Health Care Limited (ZHL),Human-resourse,Full-time,Internship,10,Ziqitza HealthCare Ltd.,Hospital & Health Care ,501,6401
J401,"Lucknow, Uttar Pradesh, India",Urgent Hiring !! -HR (Recruiter) | Lucknow,Human-resourse,Full-time,Mid-Senior level,12,Parsley Management Pvt.Ltd,Staffing & Recruiting ,11,1374
J402,"Ahmedabad, Gujarat, India",Junior Research Analyst,Analyst,Full-time,Not given,200,S&P Global,Financial Services ,10001,302681
J403,"Mumbai, Maharashtra, India",Talent Acquisition Manager,Manager,Full-time,Mid-Senior level,200,Purplle.com,Computer Software ,501,256500
J404,"Lucknow, Uttar Pradesh, India",Front Office Executive,others,Full-time,Entry level,16,Parsley Management Pvt.Ltd,Staffing & Recruiting ,11,1374
J405,"Kolkata, West Bengal, India",Factory/Plant Head - Chemical,others,Full-time,Director,5,Rural Management Consultant Pvt.Ltd.,Staffing & Recruiting ,11,3328
J406,"Pune, Maharashtra, India",BIM Modelers - Architectural BIM Modeler,others,Full-time,Entry level,24,SrinSoft Technologies,Information Technology & Services ,501,14172
J407,"Ahmedabad, Gujarat, India",Specialist,others,Full-time,Mid-Senior level,113,PwC India,Management Consulting ,5001,914515
J408,"Gurgaon, Haryana, India",HR Generalist (Mid-Level),Human-resourse,Full-time,Associate,68,vCommission Media Private Limited,Marketing & Advertising ,51,6876
J409,"Chennai, Tamil Nadu, India",Data Analyst  ( Google Analytics),Analyst,Full-time,Mid-Senior level,200,LatentView Analytics,Management Consulting ,501,90702
J410,"Mumbai, Maharashtra, India",Associate Technology Consulting,Associate,Full-time,Entry level,10,PwC India,Management Consulting ,5001,914515
J411,"Kakori, Uttar Pradesh, India",Delivery Boy,others,Part-time,Entry level,10,OkayGo,Staffing & Recruiting ,11,20818
J412,"Hyderabad, Telangana, India",Technology Support - Analyst,Analyst,Full-time,Not given,200,Deloitte,Management Consulting ,10001,11242133
J413,"Mumbai, Maharashtra, India",Associate - Deals - Deals Strategy- Mumbai,Associate,Full-time,Entry level,200,PwC India,Management Consulting ,5001,914515
J414,"Lucknow, Uttar Pradesh, India",Technical Support Engineer,others,Full-time,Not given,170,Tata Group,Executive Office ,10001,1974783
J415,"Chennai, Tamil Nadu, India",Engineer - Mechanical Development CoE,others,Full-time,Entry level,200,Mahindra Group,Executive Office ,10001,1071139
J416,"Gurgaon, Haryana, India","Manager, Partner Regional Operations",Manager,Full-time,Mid-Senior level,200,Airbnb,Computer Software ,5001,2219932
J417,"Mumbai, Maharashtra, India",Trainee - Branded Content,others,Full-time,Internship,70,BookMyShow,Entertainment ,1001,86468
J418,"Delhi, Delhi, India",packing boy,others,Full-time,Entry level,18,BMC,Medical Device ,201,2907
J419,"Chennai, Tamil Nadu, India",Ground Staff,others,Full-time,Entry level,200,Jet Airways,Airlines/Aviation ,10001,288983
J420,"Gurgaon, Haryana, India",Executive,others,Full-time,Executive,200,KPMG India,Management Consulting ,10001,1401090
J421,"Gurgaon, Haryana, India",Supervisor Claims,others,Full-time,Associate,200,Airbnb,Computer Software ,5001,2219932
J422,"Bengaluru East, Karnataka, India",Analyst,Analyst,Full-time,Mid-Senior level,192,Commonwealth Bank,Financial Services ,10001,431149
J423,"Pune, Maharashtra, India",Manager,Manager,Full-time,Mid-Senior level,80,Mahindra Logistics,Transportation/Trucking/Railroad ,10001,281197
J424,"Noida, Uttar Pradesh, India",Digital Marketing - Associate,Associate,Full-time,Entry level,200,Paytm,Financial Services ,10001,1101711
J426,"Lucknow, Uttar Pradesh, India",Job Interview For Cabin Crew and Ground Staff at Airport,others,Full-time,Entry level,107,Nilo P Services,Information Technology & Services ,11,173
J427,"Chennai, Tamil Nadu, India",Interior,others,Full-time,Not given,2,VEGA Intellisoft Pvt Ltd,Information Technology & Services ,501,9593
J428,"Chennai, Tamil Nadu, India",Civil Engineer,others,Full-time,Entry level,40,Talent Zone Consultant,Human Resources ,11,2872
J429,Greater Madurai Area,Head Of Flight Operation,others,Full-time,Mid-Senior level,12,Airbus,Aviation & Aerospace ,10001,1777475
J430,"Gurgaon, Haryana, India",Executive-Customer Relations,others,Full-time,Mid-Senior level,200,IndiGo (InterGlobe Aviation Ltd),Airlines/Aviation ,10001,392177
J431,"Mumbai, Maharashtra, India",Trainee - Customer Experience,others,Full-time,Internship,80,BookMyShow,Entertainment ,1001,86468
J432,"Bengaluru, Karnataka, India",CAD Draughtsman,others,Full-time,Entry level,21,SrinSoft Technologies,Information Technology & Services ,501,14172
J433,"Pune, Maharashtra, India",Mechanical Engineer,others,Full-time,Not given,200,JBM Group,Automotive ,10001,121778
J434,"Bengaluru, Karnataka, India",Product Analyst,Analyst,Full-time,Mid-Senior level,200,Cashfree Payments,Financial Services ,201,83680
J435,"Mumbai, Maharashtra, India",Assistant Relationship Manager,Manager,Full-time,Entry level,173,American Express,Financial Services ,10001,1776398
J436,"Ahmedabad, Gujarat, India",DMart - Area Manager - Stores,Manager,Full-time,Mid-Senior level,200,DMart - Avenue Supermarts Ltd,Retail ,5001,117464
J437,"Lucknow, Uttar Pradesh, India",Human Resources Officer,others,Full-time,Entry level,200,Hyatt Regency,Hospitality ,10001,374139
J438,"Delhi, Delhi, India",General Manager - Manufacturing - Automobile,Manager,Full-time,Executive,53,Inspire consultancy services pvt. ltd,Human Resources ,11,567
J439,"Ahmedabad, Gujarat, India",Firstcry.com - Retail Trainer/Regional Trainer,others,Full-time,Mid-Senior level,22,FirstCry.com (BrainBees Solutions Pvt. Ltd.),Retail ,5001,57369
J440,"Noida, Uttar Pradesh, India",Learning and Development,others,Full-time,Associate,200,Samsung India,Consumer Electronics ,10001,129681
J441,"Bengaluru, Karnataka, India",Assistant Events Marketing Manager,marketing,Full-time,Not given,200,LinkedIn,Computer Software ,10001,24053189
J442,"Hyderabad, Telangana, India",Trade Marketing Manager,marketing,Full-time,Associate,200,MTR Foods Private Limited,Food & Beverages ,1001,251313
J443,"Noida, Uttar Pradesh, India",Bank Officer,others,Full-time,Entry level,10,Kaizen Consultancy,#VALUE!,0,118
J444,"Hyderabad, Telangana, India",Developer Specialist - Front End Development,Developer,Full-time,Entry level,14,Google Operations Center,Internet ,1001,71638
J445,"Gurgaon, Haryana, India",Accountant,Accountant,Full-time,Mid-Senior level,200,Airbnb,Computer Software ,5001,2219932
J446,"Delhi, Delhi, India",Senior Associate,Associate,Full-time,Mid-Senior level,10,PwC India,Management Consulting ,5001,914515
J447,"Mumbai, Maharashtra, India",Senior Brand Manager,Manager,Full-time,Mid-Senior level,200,Purplle.com,Computer Software ,501,256500
J448,"Pune, Maharashtra, India",Full Time Phlebotomist,others,Full-time,Entry level,13,Actalent,Management Consulting ,5001,104242
J449,"Mumbai, Maharashtra, India","HR Officer - Mumbai, India",Human-resourse,Full-time,Entry level,200,Qatar Airways,Airlines/Aviation ,10001,1892735
J450,"Gurgaon, Haryana, India","Manager, Finance - Operations",Manager,Full-time,Mid-Senior level,200,The Coca-Cola Company,Food & Beverages ,10001,7070166
J451,"Lucknow, Uttar Pradesh, India","PGT Chemistry Teacher required for a reputed school in Lucknow, Uttar Pradesh",others,Full-time,Entry level,42,EducoHire,Education Management ,2,9592
J452,India,IT Helpdesk & Developer,Developer,Full-time,Mid-Senior level,5,Long Shine Equipment & Supplies Pte Ltd,Business Supplies & Equipment ,1,486
J453,"Bengaluru, Karnataka, India",Assistant Manager - Value Management,Manager,Full-time,Mid-Senior level,200,KPMG India,Management Consulting ,10001,1401090
J454,"Lucknow, Uttar Pradesh, India",Regional Manager - Human Resource - Insurance,Manager,Full-time,Mid-Senior level,30,Liontree HR Consultants Pvt Ltd,Human Resources ,11,5162
J455,"Bengaluru, Karnataka, India",Terminal Manager,Manager,Full-time,Not given,45,Shell,Oil & Energy ,10001,6057750
J456,"Ahmedabad, Gujarat, India",Staff Manufacturing,others,Full-time,Entry level,10,CADILA HEALTHCARE LTD,Pharmaceuticals ,201,8539
J457,"Gurgaon, Haryana, India",Customer Service Analyst,Analyst,Full-time,Entry level,200,American Express,Financial Services ,10001,1776398
J458,"Mumbai, Maharashtra, India",Airport Ground Staff,others,Full-time,Executive,71,Airbov Solutions,Information Technology & Services ,11,272
J459,"Noida, Uttar Pradesh, India",Area Sales Manager - EV,sales,Full-time,Mid-Senior level,200,Mahindra Group,Executive Office ,10001,1071139
J460,"Ahmedabad, Gujarat, India",Area Sales Manager,sales,Full-time,Not given,200,Johnson & Johnson,Hospital & Health Care ,10001,8167304
J461,"Ahmedabad, Gujarat, India",Content Writer,others,Full-time,Entry level,4,Bacancy Technology: Work From Anywhere,Computer Software ,1001,39200
J462,"Mumbai, Maharashtra, India",HR Business Partner,Human-resourse,Full-time,Mid-Senior level,200,Nayara Energy,Oil & Energy ,1001,207082
J463,"Pune, Maharashtra, India",Procurement Buyer I,others,Full-time,Entry level,135,Honeywell,Electrical & Electronic Manufacturing ,10001,2276917
J464,"Chennai, Tamil Nadu, India",Bancassurance officer,others,Full-time,Entry level,10,assured job,#VALUE!,0,2044
J465,"Lucknow, Uttar Pradesh, India",Aerospace Engineer,others,Full-time,Entry level,10,CodersBrain,Information Technology & Services ,201,43937
J466,"Chennai, Tamil Nadu, India",Innovation Consultant,others,Full-time,Mid-Senior level,200,Tata Consultancy Services,Information Technology & Services ,10001,11344528
J467,"Gurgaon, Haryana, India",Content Creator,others,Full-time,Entry level,2,Birdeye,Computer Software ,201,147326
J468,"Hyderabad, Telangana, India",Assistant Project Manager (PMO),Manager,Full-time,Mid-Senior level,85,Space Matrix,Design ,501,115606
J469,"Gurgaon, Haryana, India",Manager,Manager,Full-time,Mid-Senior level,200,KPMG India,Management Consulting ,10001,1401090
J470,"Chennai, Tamil Nadu, India",Procurement Executive,others,Full-time,Mid-Senior level,87,Talent Corner HR Services Pvt Ltd,Management Consulting ,51,123091
J471,"Gurgaon, Haryana, India","AM Customer Service , MBC",others,Full-time,Not given,200,adidas,Retail ,10001,3159040
J472,"Bengaluru, Karnataka, India",Photography/Videography Internship in Bangalore at Spinny,others,Full-time,Internship,10,Spinny,Automotive ,1001,138178
J473,"Gurgaon, Haryana, India",Paint Engineer,others,Full-time,Entry level,125,Maruti Suzuki India Limited,Automotive ,10001,633905
J474,"Lucknow, Uttar Pradesh, India",Stone Business Development Executive,others,Full-time,Mid-Senior level,200,Pidilite Industries Limited,Consumer Goods ,1001,413714
J475,"Hyderabad, Telangana, India",Test Engineer - Manual/API Testing,others,Full-time,Entry level,26,Techfynder,Computer Software ,201,14924
J476,"Amritsar, Punjab, India",Mechanical Engineer,others,Full-time,Entry level,82,Jet Airways,Airlines/Aviation ,10001,288983
J478,"Bengaluru, Karnataka, India",Data Analyst,Analyst,Full-time,Not given,200,Shell,Oil & Energy ,10001,6057750
J479,"Pune, Maharashtra, India",Financial Admin Assistant,others,Full-time,Entry level,121,UPS,Transportation/Trucking/Railroad ,10001,1614205
J480,"Lucknow, Uttar Pradesh, India",General Manager - International Sales and Marketing,sales,Full-time,Executive,1,Rashmi Metaliks Limited,Building Materials ,1001,8117
J481,"Pune, Maharashtra, India",Financial Accountant,Accountant,Full-time,Not given,200,UBS,Financial Services ,10001,1252029
J482,"Pune, Maharashtra, India",Area Manager - Sales (B2B),sales,Full-time,Not given,200,Michelin,Automotive ,10001,639220
J483,"Pune, Maharashtra, India",Business Analyst,Analyst,Full-time,Mid-Senior level,200,Cognizant,Information Technology & Services ,10001,5736231
J484,"Hyderabad, Telangana, India",Assistant Manager-Supply Chain,Manager,Full-time,Mid-Senior level,200,Mahindra Group,Executive Office ,10001,1071139
J485,"Delhi, Delhi, India",Manager - Security,Manager,Full-time,Mid-Senior level,94,Dunzo,Computer Software ,5001,270387
J486,"Bengaluru North, Karnataka, India",HR Generalist,Human-resourse,Full-time,Mid-Senior level,50,SmartCoin Financials,Financial Services ,51,8574
J487,"Mumbai, Maharashtra, India",Manager - Procurement,Manager,Full-time,Mid-Senior level,200,Godrej Group,Consumer Goods ,10001,278190
J488,"Bengaluru, Karnataka, India",Internal Auditor,others,Full-time,Mid-Senior level,200,Deloitte,Management Consulting ,10001,11242133
J489,"Mumbai, Maharashtra, India",Hdfc Limited- Operation- Front Office  -Mumbai,others,Full-time,Entry level,200,HDFC Limited,Financial Services ,1001,301489
J490,"Chennai, Tamil Nadu, India",Engine Development and Testing,others,Full-time,Entry level,8,VEGA Intellisoft Pvt Ltd,Information Technology & Services ,501,9593
J491,"Chennai, Tamil Nadu, India",Video Marketing Lead,marketing,Full-time,Mid-Senior level,16,VPlayed,Computer Software ,201,1910
J492,"Gurgaon, Haryana, India",Executive-Operations,others,Full-time,Entry level,43,American Express,Financial Services ,10001,1776398
