jobid,job_title,Job_type,location,involvement,level,total_applicants,company,industry,employees,followers
J1,F&A Senior Admin Assistant,others,"Pune, Maharashtra, India",Full-time,Mid-Senior level,55 applicants,UPS,Transportation/Trucking/Railroad ,"10,001+ employees","1,614,205 followers"
J2,Content Writing Internship in Gurgaon at Internshala,others,"Gurgaon, Haryana, India",Full-time,Internship,13 applicants,Internshala,Education Management ,51-200 employees,"1,103,111 followers"
J3,CarDekho - Territory Head,others,"Kakori, Uttar Pradesh, India",Full-time,Director,80 applicants,CarDekho,Internet ,"1,001-5,000 employees","87,558 followers"
J4,Management Trainee - Banking Analyst,Analyst,"Noida, Uttar Pradesh, India",Full-time,Associate,Over 200 applicants,HCLTech,Information Technology & Services ,"10,001+ employees","4,310,955 followers"
J5,Personal Secretary,others,"Hyderabad, Telangana, India",Full-time,Entry level,36 applicants,Gamut HR Solutions,Human Resources ,2-10 employees,665 followers
J6,Fraud Analyst,Analyst,"Delhi, Delhi, India",Full-time,Associate,23 applicants,Barclays,Financial Services ,"10,001+ employees","1,306,895 followers"
J7,Financial Analyst,Analyst,"Pune, Maharashtra, India",Full-time,NULL,Over 200 applicants,UBS,Financial Services ,"10,001+ employees","1,252,029 followers"
J8,Financial Analyst,Analyst,"Pune, Maharashtra, India",Full-time,NULL,Over 200 applicants,UBS,Financial Services ,"10,001+ employees","1,252,029 followers"
J10,Consultant - Communication Training,others,"Gurgaon, Haryana, India",Full-time,Mid-Senior level,45 applicants,IndiGo (InterGlobe Aviation Ltd),Airlines/Aviation ,"10,001+ employees","392,177 followers"
J11,Store keeper,others,"Ahmedabad, Gujarat, India",Full-time,Entry level,Over 200 applicants,Jet Airways,Airlines/Aviation ,"10,001+ employees","288,983 followers"
J12,EV Area Sales Manager,sales,"Mumbai, Maharashtra, India",Full-time,Mid-Senior level,17 applicants,Mahindra Group,Executive Office ,"10,001+ employees","1,071,139 followers"
J13,Associate Graduate,Associate,"Chennai, Tamil Nadu, India",Full-time,Entry level,Over 200 applicants,NTT Ltd.,Information Technology & Services ,"10,001+ employees","367,030 followers"
J14,Key Account Manager I,Accountant,"Hyderabad, Telangana, India",Full-time,Mid-Senior level,145 applicants,Swiggy,Computer Software ,"1,001-5,000 employees","1,212,772 followers"
J15,Senior Accountant,Accountant,"Pune, Maharashtra, India",Full-time,Mid-Senior level,146 applicants,Mastercard,Information Technology & Services ,"10,001+ employees","1,149,262 followers"
J16,Data Analytics,others,"Gurgaon, Haryana, India",Full-time,Mid-Senior level,Over 200 applicants,WNS,Outsourcing/Offshoring ,"10,001+ employees","555,044 followers"
J17,Virtual Customer Service Associate - Lucknow,Associate,"Kakori, Uttar Pradesh, India",Full-time,Entry level,11 applicants,Qween Network LLP,Human Resources ,11-50 employees,"39,368 followers"
J18,"Regional Manager, South Asia",Manager,"Delhi, Delhi, India",Full-time,Director,Over 200 applicants,Taylor Hopkinson | Powered by Brunel,Staffing & Recruiting ,51-200 employees,"164,850 followers"
J19,Medkart - Head - Retail Operations,others,"Ahmedabad, Gujarat, India",Full-time,Director,16 applicants,Medkart Pharmacy,Retail ,201-500 employees,"4,800 followers"
J20,Associate-Human Resource Admin,Associate,"Bengaluru, Karnataka, India",Full-time,NULL,Over 200 applicants,Tesco Bengaluru,Retail ,"5,001-10,000 employees","205,552 followers"
J21,Financial Analyst,Analyst,"Pune, Maharashtra, India",Full-time,NULL,Over 200 applicants,UBS,Financial Services ,"10,001+ employees","1,252,029 followers"
J22,Regional Logistics & Accounts Manager,Accountant,"Delhi, Delhi, India",Full-time,Mid-Senior level,Over 200 applicants,Pidilite Industries Limited,Consumer Goods ,"1,001-5,000 employees","413,714 followers"
J23,Executive Microbiology,others,"Mumbai, Maharashtra, India",Full-time,Executive,24 applicants,Galentic Pharma (India) Pvt. Ltd.,Pharmaceuticals ,201-500 employees,"7,459 followers"
J24,Analyst - Data Analysis & reporting,Analyst,"Hyderabad, Telangana, India",Full-time,NULL,Over 200 applicants,Deloitte,Management Consulting ,"10,001+ employees","11,242,133 followers"
J25,HR Manager,Human-resourse,"Gurgaon, Haryana, India",Full-time,Mid-Senior level,Over 200 applicants,Crocs,Consumer Goods ,"1,001-5,000 employees","61,755 followers"
J26,RKA Supervisor,others,Greater Delhi Area,Full-time,Mid-Senior level,38 applicants,Dyson,Electrical & Electronic Manufacturing ,"10,001+ employees","320,902 followers"
J27,Business Analyst,Analyst,"Gurgaon, Haryana, India",Full-time,Mid-Senior level,Over 200 applicants,Airbnb,Computer Software ,"5,001-10,000 employees","2,219,932 followers"
J28,Hiring For Civil Site Engineer,others,"Ahmedabad, Gujarat, India",Full-time,Entry level,130 applicants,Mspire HR Solutions (Unit of Mspire Ventures Private Limited),Staffing & Recruiting ,11-50 employees,"3,242 followers"
J29,Human Resources Generalist,others,"Bengaluru, Karnataka, India",Full-time,Mid-Senior level,60 applicants,NAVIS Human Resources,Human Resources ,51-200 employees,"3,713 followers"
J30,HTML Developer,Developer,"Pune, Maharashtra, India",Full-time,Associate,130 applicants,WhiteSnow Software,Information Technology & Services ,51-200 employees,"2,843 followers"
J31,Staff Accountant,Accountant,"Hyderabad, Telangana, India",Full-time,Entry level,Over 200 applicants,KPMG India,Management Consulting ,"10,001+ employees","1,401,090 followers"
J32,Senior Associate,Associate,"Delhi, Delhi, India",Full-time,Mid-Senior level,192 applicants,PwC India,Management Consulting ,"5,001-10,000 employees","914,515 followers"
J33,MedSurg Registered Nurse,others,"Viratnagar, Rajasthan, India",Full-time,Mid-Senior level,10 applicants,Spectrum Healthcare Resources,Hospital & Health Care ,"1,001-5,000 employees","3,426 followers"
J34,Intern,others,"Pune, Maharashtra, India",Full-time,Internship,27 applicants,Cerence Inc.,Computer Software ,"1,001-5,000 employees","27,194 followers"
J35,Customer Service Representative,others,"Noida, Uttar Pradesh, India",Full-time,NULL,Over 200 applicants,Wipro,Information Technology & Services ,"10,001+ employees","6,414,174 followers"
J36,Digital Marketing,marketing,"Noida, Uttar Pradesh, India",Full-time,Entry level,45 applicants,Network18 Media & Investments Limited,Media Production ,"5,001-10,000 employees","202,485 followers"
J37,Registered Nurse - RN,others,"Pune, Maharashtra, India",Full-time,Mid-Senior level,10 applicants,Genesis Healthcare,"Health, Wellness & Fitness ",2-10 employees,78 followers
J38,Buyer,others,"Gurgaon, Haryana, India",Full-time,Mid-Senior level,43 applicants,Maruti Suzuki India Limited,Automotive ,"10,001+ employees","633,905 followers"
J39,Copywriter,others,"Chennai, Tamil Nadu, India",Full-time,Entry level,16 applicants,VPlayed,Computer Software ,201-500 employees,"1,910 followers"
J40,Plant Head- operations,others,"Chennai, Tamil Nadu, India",Full-time,Mid-Senior level,29 applicants,T & A Solutions,Human Resources ,2-10 employees,"16,585 followers"
J41,Chemical Engineer,others,"Noida, Uttar Pradesh, India",Full-time,Entry level,138 applicants,Pollucon Technologies Limited,Construction ,51-200 employees,344 followers
J42,Executive - Crew training,others,"Gurgaon, Haryana, India",Full-time,Entry level,72 applicants,IndiGo (InterGlobe Aviation Ltd),Airlines/Aviation ,"10,001+ employees","392,177 followers"
J43,HR Admin and Executive,Human-resourse,"Lucknow, Uttar Pradesh, India",Full-time,Mid-Senior level,53 applicants,Career Junction,Staffing & Recruiting ,2-10 employees,"1,046 followers"
J44,Recruiter,others,"Gurgaon, Haryana, India",Full-time,Associate,98 applicants,Gartner,Information Services ,"10,001+ employees","1,465,648 followers"
J46,Procurement Executive,others,"Hyderabad, Telangana, India",Full-time,Mid-Senior level,35 applicants,WayCool Foods,Food & Beverages ,"1,001-5,000 employees","45,977 followers"
J47,Payroll Specialist (APAC - India),others,"Delhi, Delhi, India",Full-time,Entry level,75 applicants,Horizons,Financial Services ,51-200 employees,"5,380 followers"
J48,Mechanical Engineer Trainer,others,"Chennai, Tamil Nadu, India",Full-time,Entry level,18 applicants,STRESCON INDUSTRIES LIMITED,Railroad Manufacture ,"501-1,000 employees","9,601 followers"
J49,Assistant Brand Manager - Brand Development,Manager,"Mumbai, Maharashtra, India",Full-time,Mid-Senior level,Over 200 applicants,Unilever,Consumer Goods ,"10,001+ employees","18,229,634 followers"
J50,Medical Coder,others,"Bengaluru, Karnataka, India",Full-time,Entry level,Over 200 applicants,Optum,Hospital & Health Care ,"10,001+ employees","570,975 followers"
J51,Manager - Regional Customer,Manager,"Delhi, Delhi, India",Full-time,Mid-Senior level,Over 200 applicants,Pidilite Industries Limited,Consumer Goods ,"1,001-5,000 employees","413,714 followers"
J52,Electrician,others,"Hyderabad, Telangana, India",Full-time,Entry level,15 applicants,Talent Zone Consultant,Human Resources ,11-50 employees,"2,872 followers"
J53,"Content Writer, CX",others,"Bengaluru, Karnataka, India",Full-time,Associate,188 applicants,PhonePe,Computer Software ,"1,001-5,000 employees","524,134 followers"
J54,Front Desk Executive,others,"Bhopal, Madhya Pradesh, India",Full-time,Mid-Senior level,11 applicants,Talish Solutions,Staffing & Recruiting ,2-10 employees,"1,379 followers"
J55,Analyst,Analyst,"Gurugram, Haryana, India",Full-time,NULL,Over 200 applicants,Wipro,Information Technology & Services ,"10,001+ employees","6,414,174 followers"
J56,Executive Assistant,others,"Bengaluru, Karnataka, India",Full-time,NULL,10 applicants,GSK,Pharmaceuticals ,"10,001+ employees","3,433,566 followers"
J57,Assistant General Manager Design,Manager,"Bengaluru, Karnataka, India",Full-time,Mid-Senior level,10 applicants,Flipspaces,Design ,51-200 employees,"26,542 followers"
J58,Assistant Controller India,others,"Bengaluru, Karnataka, India",Full-time,Mid-Senior level,18 applicants,Deel,Financial Services ,"1,001-5,000 employees","98,130 followers"
J59,Engineer - Mechanical,others,"Goa, Goa, India",Full-time,Entry level,190 applicants,Cipla,Pharmaceuticals ,"10,001+ employees","1,046,238 followers"
J60,Customer Service - Associate,Associate,"Delhi, Delhi, India",Full-time,Entry level,10 applicants,Paytm,Financial Services ,"10,001+ employees","1,101,711 followers"
J61,Quality Assurance - Qualification/Validation,others,"Ahmedabad, Gujarat, India",Full-time,Entry level,108 applicants,CADILA HEALTHCARE LTD,Pharmaceuticals ,201-500 employees,"8,539 followers"
J62,Manual Tester - Application Testing,others,"Chennai, Tamil Nadu, India",Full-time,Entry level,157 applicants,HuQuo,Human Resources ,11-50 employees,"11,914 followers"
J63,Customer Relationship Manager,Manager,"Kakori, Uttar Pradesh, India",Full-time,Mid-Senior level,8 applicants,ffreedom app,Higher Education ,"1,001-5,000 employees","6,077 followers"
J64,hiring for QA - QMS,others,"Kolkata, West Bengal, India",Full-time,Entry level,112 applicants,CADILA HEALTHCARE LTD,Pharmaceuticals ,201-500 employees,"8,539 followers"
J65,Human Resources Intern,others,"Mumbai, Maharashtra, India",Full-time,Internship,Over 200 applicants,Purplle.com,Computer Software ,"501-1,000 employees","256,500 followers"
J66,Area Manager,Manager,"Lucknow, Uttar Pradesh, India",Full-time,Mid-Senior level,116 applicants,Fastline Global Recruitment Services,Staffing & Recruiting ,51-200 employees,"7,639 followers"
J67,Frontend UI Developer - Javascript/HTML5/CSS3,Developer,"Pune, Maharashtra, India",Full-time,Mid-Senior level,30 applicants,Taliun,Information Technology & Services ,11-50 employees,"2,418 followers"
J68,AutoCAD Designer / Draughtsman,others,"Ahmedabad, Gujarat, India",Full-time,Entry level,27 applicants,NeetDeep Group,Computer Software ,51-200 employees,531 followers
J69,Python Developer,Developer,"Pune, Maharashtra, India",Full-time,Entry level,Over 200 applicants,Credit Suisse,Banking ,"10,001+ employees","1,234,234 followers"
J70,Educational Counselor,others,"Chennai, Tamil Nadu, India",Full-time,NULL,20 applicants,Saint Teresa University,Higher Education ,11-50 employees,37 followers
J71,Instrumentation Engineer,others,"Kolkata, West Bengal, India",Full-time,Entry level,159 applicants,CADILA HEALTHCARE LTD,Pharmaceuticals ,201-500 employees,"8,539 followers"
J72,"Sr. Director, Product Manager",Manager,"Goa, India",Full-time,Director,8 applicants,Elemica,Computer Software ,201-500 employees,"8,903 followers"
J73,civil engineer fresher,others,"Noida, Uttar Pradesh, India",Full-time,Entry level,178 applicants,Spirale HR Solutions Pvt Ltd,Human Resources ,51-200 employees,853 followers
J74,Executive Hr. Consultant,Human-resourse,"Salem, Tamil Nadu, India",Full-time,Mid-Senior level,20 applicants,assuredjob.com,Staffing & Recruiting ,11-50 employees,"7,398 followers"
J75,Business Operations Analyst,Analyst,"Bengaluru, Karnataka, India",Full-time,NULL,Over 200 applicants,HP,Information Technology & Services ,"10,001+ employees","5,143,704 followers"
J76,Technical Service Engineer,others,"Bengaluru, Karnataka, India",Full-time,NULL,36 applicants,Shell,Oil & Energy ,"10,001+ employees","6,057,750 followers"
J77,Revit - Trainee Design Engineer,others,"Pune, Maharashtra, India",Full-time,Internship,Over 200 applicants,Indovance Inc.,Outsourcing/Offshoring ,201-500 employees,"11,020 followers"
J78,Rebar Detailer,others,"Chennai, Tamil Nadu, India",Full-time,Entry level,16 applicants,Pramoda Rebar (P) Ltd,Civil Engineering ,51-200 employees,561 followers
J79,Kitchen Staff,others,"Hanumangarh, Rajasthan, India",Full-time,Entry level,10 applicants,Opaa! Food Management,Food & Beverages ,"1,001-5,000 employees","1,629 followers"
J80,Accountant,Accountant,"Hyderabad, Telangana, India",Full-time,Mid-Senior level,22 applicants,IXORA Global Services,Staffing & Recruiting ,51-200 employees,611 followers
J81,Human Resources (HR) Internship in Lucknow at TalentPret,Human-resourse,"Lucknow, Uttar Pradesh, India",Full-time,Internship,10 applicants,TalentPret,Information Technology & Services ,11-50 employees,"3,091 followers"
J82,HR Business Partner,Human-resourse,"Pune, Maharashtra, India",Full-time,Mid-Senior level,Over 200 applicants,Hansen Technologies,Computer Software ,"1,001-5,000 employees","27,444 followers"
J83,Key Account Manager,Accountant,"Hyderabad, Telangana, India",Full-time,Mid-Senior level,Over 200 applicants,Airtel Payments Bank,Financial Services ,"501-1,000 employees","215,227 followers"
J84,Manager - Investigation,Manager,"Gurgaon, Haryana, India",Full-time,Mid-Senior level,140 applicants,Xiaomi India,Computer Software ,"501-1,000 employees","190,457 followers"
J85,Assistant Manager,Manager,"Noida, Uttar Pradesh, India",Full-time,NULL,Over 200 applicants,Flipkart,Computer Software ,"10,001+ employees","3,094,261 followers"
J86,Head - Operations - Personal Care/Beauty - NCR - 15 years+,others,"Delhi, Delhi, India",Full-time,Mid-Senior level,191 applicants,Michael Page,Staffing & Recruiting ,"5,001-10,000 employees","3,090,244 followers"
J87,Associate Consultant,Associate,"Gurgaon, Haryana, India",Full-time,Entry level,Over 200 applicants,KPMG India,Management Consulting ,"10,001+ employees","1,401,090 followers"
J88,Assistant Manager,Manager,"Gurgaon, Haryana, India",Full-time,Mid-Senior level,Over 200 applicants,KPMG India,Management Consulting ,"10,001+ employees","1,401,090 followers"
J89,Electrical Engineer,others,"Lucknow, Uttar Pradesh, India",Full-time,Entry level,Over 200 applicants,Mahindra Truck and Bus,Automotive ,"501-1,000 employees","54,049 followers"
J90,Assistant Manager/Manager - Consumer Insights,Manager,"Mumbai, Maharashtra, India",Full-time,Entry level,34 applicants,BookMyShow,Entertainment ,"1,001-5,000 employees","86,468 followers"
J91,Senior Business Analyst,Analyst,"Gurgaon, Haryana, India",Full-time,Mid-Senior level,Over 200 applicants,Airbnb,Computer Software ,"5,001-10,000 employees","2,219,932 followers"
J92,AM Production planning and control,others,"Gurgaon, Haryana, India",Full-time,Mid-Senior level,82 applicants,Maruti Suzuki India Limited,Automotive ,"10,001+ employees","633,905 followers"
J93,Learning & Development Manager,Manager,"Bengaluru, Karnataka, India",Full-time,Associate,Over 200 applicants,PhonePe,Computer Software ,"1,001-5,000 employees","524,134 followers"
J94,"Data Scientist, Business and Marketing",marketing,"Gurgaon, Haryana, India",Full-time,NULL,Over 200 applicants,Google,Computer Software ,"10,001+ employees","27,090,560 followers"
J95,"Interviews For Airport Ground Staff, Air Ticketing, Cabin Crew",others,"Lucknow, Uttar Pradesh, India",Full-time,Executive,Over 200 applicants,Airbov Solutions,Information Technology & Services ,11-50 employees,272 followers
J96,Junior Python Developer,Developer,"Hyderabad, Telangana, India",Full-time,Entry level,128 applicants,CGI,Information Technology & Services ,"10,001+ employees","1,013,678 followers"
J97,Accountant,Accountant,"Pune, Maharashtra, India",Full-time,Mid-Senior level,Over 200 applicants,Infosys BPM,Information Technology & Services ,"10,001+ employees","779,454 followers"
J98,Customer Service Representative,others,"Noida, Uttar Pradesh, India",Full-time,NULL,Over 200 applicants,Wipro,Information Technology & Services ,"10,001+ employees","6,414,174 followers"
J99,Fresher Civil Site Engineer,others,"Gurgaon, Haryana, India",Full-time,Entry level,Over 200 applicants,Spirale HR Solutions Pvt Ltd,Human Resources ,51-200 employees,853 followers
J100,Retail Manager (Fragrance & Beauty),Manager,"Delhi, Delhi, India",Full-time,Mid-Senior level,Over 200 applicants,CHANEL,Luxury Goods & Jewelry ,"10,001+ employees","2,024,568 followers"
J101,"Vendor Operations Manager, Core",Manager,"Hyderabad, Telangana, India",Full-time,NULL,Over 200 applicants,Google,Computer Software ,"10,001+ employees","27,090,560 followers"
J102,Content Writer,others,"Chennai, Tamil Nadu, India",Full-time,Entry level,69 applicants,VPlayed,Computer Software ,201-500 employees,"1,910 followers"
J103,EHS Corporate Head,others,"Ahmedabad, Gujarat, India",Full-time,Entry level,28 applicants,Ken McCoy Consulting,Human Resources ,11-50 employees,829 followers
J104,Video Editor,others,"Hisar, Haryana, India",Full-time,Mid-Senior level,11 applicants,Aral Digital Marketing Agency,Marketing & Advertising ,2-10 employees,22 followers
J105,Data Analyst,Analyst,"Hyderabad, Telangana, India",Full-time,NULL,Over 200 applicants,Wipro,Information Technology & Services ,"10,001+ employees","6,414,174 followers"
J106,Material Planning (Export/Import) and Inventoy Control,others,"Gurgaon, Haryana, India",Full-time,Entry level,156 applicants,Maruti Suzuki India Limited,Automotive ,"10,001+ employees","633,905 followers"
J107,MIS Executive,others,"Bengaluru, Karnataka, India",Full-time,Mid-Senior level,20 applicants,AyurVAID Hospitals,Hospital & Health Care ,51-200 employees,"8,351 followers"
J108,Accountant,Accountant,"Pune, Maharashtra, India",Full-time,Entry level,Over 200 applicants,Mahindra Truck and Bus,Automotive ,"501-1,000 employees","54,049 followers"
J109,Safety Officer,others,"Hyderabad, Telangana, India",Full-time,NULL,Over 200 applicants,Mace,Construction ,"5,001-10,000 employees","365,101 followers"
J110,Associate- Internal Audit - Gurgaon,Associate,"Delhi, Delhi, India",Full-time,Mid-Senior level,Over 200 applicants,PwC India,Management Consulting ,"5,001-10,000 employees","914,515 followers"
J111,Accounts Receivable Lead,Accountant,"Navi Mumbai, Maharashtra, India",Full-time,Mid-Senior level,Over 200 applicants,Reliance Retail,Retail ,"10,001+ employees","687,136 followers"
J112,Beiersdorf - Manager - Supply Chain,Manager,"Ahmedabad, Gujarat, India",Full-time,Mid-Senior level,Over 200 applicants,NIVEA INDIA,Consumer Goods ,"501-1,000 employees","122,588 followers"
J113,Digital Marketing Analyst,Analyst,"Gurgaon, Haryana, India",Full-time,Entry level,Over 200 applicants,Hyatt Regency,Hospitality ,"10,001+ employees","374,139 followers"
J114,Director,others,"Mumbai, Maharashtra, India",Full-time,Director,Over 200 applicants,PwC India,Management Consulting ,"5,001-10,000 employees","914,515 followers"
J115,Business Analyst,Analyst,"Bengaluru, Karnataka, India",Full-time,NULL,32 applicants,Shell,Oil & Energy ,"10,001+ employees","6,057,750 followers"
J116,Discovery Biology,others,"Bengaluru, Karnataka, India",Full-time,Entry level,72 applicants,Anthem Biosciences Private Limited,Pharmaceuticals ,"1,001-5,000 employees","72,580 followers"
J117,Assistant Pharmacist,others,"Ahmedabad, Gujarat, India",Full-time,Entry level,23 applicants,Medkart Pharmacy,Retail ,201-500 employees,"4,800 followers"
J118,Executive - Crew training,others,"Gurgaon, Haryana, India",Full-time,Entry level,57 applicants,IndiGo (InterGlobe Aviation Ltd),Airlines/Aviation ,"10,001+ employees","392,177 followers"
J119,Software Engineer,others,"Chennai, Tamil Nadu, India",Full-time,Mid-Senior level,Over 200 applicants,Netmeds.com,"Health, Wellness & Fitness "," 501-1,000 employees","53,635 followers"
J120,Analyst,Analyst,"Bengaluru, Karnataka, India",Full-time,NULL,Over 200 applicants,Wipro,Information Technology & Services ,"10,001+ employees","6,414,174 followers"
J121,Executive paramedic nurse,others,"Gurgaon, Haryana, India",Full-time,Entry level,98 applicants,IndiGo (InterGlobe Aviation Ltd),Airlines/Aviation ,"10,001+ employees","392,177 followers"
J122,Administrative Assistant,others,"Gurgaon, Haryana, India",Full-time,NULL,19 applicants,Moody's Corporation,Financial Services ,"10,001+ employees","150,707 followers"
J123,Brand Executive � Marketing Activation,marketing,"Mumbai, Maharashtra, India",Full-time,Mid-Senior level,Over 200 applicants,Unilever,Consumer Goods ,"10,001+ employees","18,229,634 followers"
J124,Business Analyst,Analyst,"Hyderabad, Telangana, India",Full-time,NULL,Over 200 applicants,Deloitte,Management Consulting ,"10,001+ employees","11,242,133 followers"
J125,Influencer Marketing Internship in Pune at FirstCry.com,marketing,"Pune, Maharashtra, India",Full-time,Internship,59 applicants,FirstCry.com (BrainBees Solutions Pvt. Ltd.),Retail ,"5,001-10,000 employees","57,369 followers"
J126,Associate,Associate,"Mumbai, Maharashtra, India",Full-time,Entry level,Over 200 applicants,PwC India,Management Consulting ,"5,001-10,000 employees","914,515 followers"
J127,Zonal Manager - Domestic Hotel Supply,Manager,"Hyderabad, Telangana, India",Full-time,Mid-Senior level,Over 200 applicants,MakeMyTrip,Computer Software ,"1,001-5,000 employees","457,368 followers"
J128,Clinical Research Associate,Associate,"Hyderabad, Telangana, India",Full-time,Entry level,Over 200 applicants,ICON Strategic Solutions,Pharmaceuticals ,"10,001+ employees","205,044 followers"
J129,Analyst / Senior Analyst� Data Science & Strategy,Analyst,"Gurgaon, Haryana, India",Full-time,Mid-Senior level,10 applicants,American Express,Financial Services ,"10,001+ employees","1,776,398 followers"
J130,Human Resources Generalist,others,"Gurgaon, Haryana, India",Full-time,Mid-Senior level,65 applicants,SipnoTech,Computer Software ,2-10 employees,189 followers
J131,Process Specialist,others,"Gurugram, Haryana, India",Full-time,NULL,54 applicants,Wipro,Information Technology & Services ,"10,001+ employees","6,414,174 followers"
J132,Research Associate,Associate,"Bengaluru, Karnataka, India",Full-time,Associate,Over 200 applicants,Infiniti Research Ltd.,Market Research ,"501-1,000 employees","85,200 followers"
J133,Procurement Executive,others,"Pune, Maharashtra, India",Full-time,Mid-Senior level,Over 200 applicants,Emerson,Mechanical Or Industrial Engineering ,"10,001+ employees","790,715 followers"
J134,Head of Marketing,marketing,"Mumbai, Maharashtra, India",Full-time,NULL,36 applicants,All Time Filmy,Media Production ,2-10 employees,37 followers
J135,Quality Engineer (QA/QC),others,"Dhira, Himachal Pradesh, India",Full-time,Entry level,7 applicants,Tekniq Oy,Mechanical Or Industrial Engineering ,51-200 employees,"4,685 followers"
J136,Godrej Agrovet - Deputy General Manager - Human Resource,Manager,"Lucknow, Uttar Pradesh, India",Full-time,Director,58 applicants,Godrej Industries Limited (Chemicals),Chemicals ,"501-1,000 employees","32,525 followers"
J137,Business Operations Analyst,Analyst,"Bengaluru, Karnataka, India",Full-time,NULL,Over 200 applicants,HP,Information Technology & Services ,"10,001+ employees","5,143,704 followers"
J138,Trainee Architect,others,"Pune, Maharashtra, India",Full-time,Internship,93 applicants,Indovance Inc.,Outsourcing/Offshoring ,201-500 employees,"11,020 followers"
J139,Financial Analyst,Analyst,"Bengaluru, Karnataka, India",Full-time,NULL,Over 200 applicants,HP,Information Technology & Services ,"10,001+ employees","5,143,704 followers"
J140,Senior Manager - Consumer Insights and Research,Manager,"Bengaluru, Karnataka, India",Full-time,Mid-Senior level,122 applicants,Swiggy,Computer Software ,"1,001-5,000 employees","1,212,772 followers"
J141,Financial Analyst,Analyst,"Bengaluru, Karnataka, India",Full-time,NULL,Over 200 applicants,HP,Information Technology & Services ,"10,001+ employees","5,143,704 followers"
J142,Technical Project Manager,Manager,"Hyderabad, Telangana, India",Full-time,Director,48 applicants,ideyaLabs,Information Technology & Services ,"501-1,000 employees","4,412 followers"
J143,Process Coach - SCM,others,"Sanand, Gujarat, India",Full-time,Mid-Senior level,10 applicants,Ford Motor Company,Automotive ,"10,001+ employees","3,723,666 followers"
J144,Assistant Manager,Manager,"Gurgaon, Haryana, India",Full-time,Mid-Senior level,Over 200 applicants,IndiGo (InterGlobe Aviation Ltd),Airlines/Aviation ,"10,001+ employees","392,177 followers"
J145,Lab Chemist,others,"Chennai, Tamil Nadu, India",Full-time,Mid-Senior level,57 applicants,Cynosure Corporate Solutions,Staffing & Recruiting ,51-200 employees,"9,066 followers"
J146,Manufacturing Head for a leading plastics packaging company,others,"Mumbai, Maharashtra, India",Full-time,Director,83 applicants,Michael Page,Staffing & Recruiting ,"5,001-10,000 employees","3,090,244 followers"
J147,Unit Head - P and L - Fulfilment Operations,others,"Indore, Madhya Pradesh, India",Full-time,Mid-Senior level,50 applicants,BlackBuck (Zinka Logistics Solutions Pvt. Ltd.),Transportation/Trucking/Railroad ,"5,001-10,000 employees","96,938 followers"
J148,Sales Executive,sales,"Mumbai, Maharashtra, India",Full-time,Mid-Senior level,1 applicant,Acme Services,Human Resources ,51-200 employees,"79,751 followers"
J149,Trainee MEP Engineer,others,"Pune, Maharashtra, India",Full-time,Internship,24 applicants,Indovance Inc.,Outsourcing/Offshoring ,201-500 employees,"11,020 followers"
J150,Revenue Operations Analyst,Analyst,"Noida, Uttar Pradesh, India",Full-time,Mid-Senior level,Over 200 applicants,Oracle,Information Technology & Services ,"10,001+ employees","8,577,113 followers"
J151,Social Media Escalations Associate,Associate,"Noida, Uttar Pradesh, India",Full-time,Entry level,82 applicants,Paytm Payments Bank,Banking ,"1,001-5,000 employees","91,335 followers"
J152,Production Engineer,others,"Ahmedabad, Gujarat, India",Full-time,Entry level,Over 200 applicants,Shreeji Industries,Mechanical Or Industrial Engineering ,11-50 employees,498 followers
J153,Internal Audit - Bangalore - Associate,Associate,"Bengaluru, Karnataka, India",Full-time,Mid-Senior level,Over 200 applicants,PwC India,Management Consulting ,"5,001-10,000 employees","914,515 followers"
J154,Technical Recruiter,others,"Chennai, Tamil Nadu, India",Full-time,Mid-Senior level,7 applicants,IndusTeqsite Pvt Ltd,Defense & Space ,201-500 employees,"2,176 followers"
J155,"Product Analyst (Full Time, Remote)",Analyst,"Delhi, Delhi, India",Full-time,Mid-Senior level,Over 200 applicants,Hike,Computer Software ,51-200 employees,"351,786 followers"
J156,Site Engineer,others,"Ahmedabad, Gujarat, India",Full-time,Entry level,106 applicants,RK HR Management Private Limited,Staffing & Recruiting ,11-50 employees,"11,942 followers"
J157,Director of Human Resources,others,"Hyderabad, Telangana, India",Full-time,Director,Over 200 applicants,24-7 Intouch,Outsourcing/Offshoring ,"10,001+ employees","102,779 followers"
J158,Collection Advisor - BPO,others,"Mumbai, Maharashtra, India",Full-time,Mid-Senior level,111 applicants,Paytm,Financial Services ,"10,001+ employees","1,101,711 followers"
J159,"Manager, Digital Marketing - Social Content",marketing,"Gurgaon, Haryana, India",Full-time,Mid-Senior level,Over 200 applicants,The Coca-Cola Company,Food & Beverages ,"10,001+ employees","7,070,166 followers"
J160,Producer,others,"Lucknow, Uttar Pradesh, India",Full-time,Associate,Over 200 applicants,Mirchi,Entertainment ,"1,001-5,000 employees","218,007 followers"
J161,"Head - General Insurance Underwriting &, Product Development",others,"Bengaluru, Karnataka, India",Full-time,Director,27 applicants,PhonePe,Computer Software ,"1,001-5,000 employees","524,134 followers"
J162,Lab Technician,others,"Vishakhapatnam, Andhra Pradesh, India",Full-time,Entry level,1 applicant,Accurex Biomedical,Medical Device ,201-500 employees,"11,296 followers"
J163,CAD Draughtsman,others,"Kolkata, West Bengal, India",Full-time,Entry level,31 applicants,SrinSoft Technologies,Information Technology & Services ,"501-1,000 employees","14,172 followers"
J164,Business Associate-Proposal/ Bid Operations- Bangalore - PG Fresher - KPMG Global Services,Associate,"Bengaluru, Karnataka, India",Full-time,Director,Over 200 applicants,KPMG India,Management Consulting ,"10,001+ employees","1,401,090 followers"
J165,Industrial Engineer - General,others,"Ahmedabad, Gujarat, India",Full-time,Mid-Senior level,Over 200 applicants,Siemens Energy,Renewables & Environment ,"10,001+ employees","1,044,750 followers"
J166,Process Specialist,others,"Pune, Maharashtra, India",Full-time,Entry level,Over 200 applicants,Infosys BPM,Information Technology & Services ,"10,001+ employees","779,454 followers"
J167,Job need for - Medical Affairs,others,"Ahmedabad, Gujarat, India",Full-time,Entry level,14 applicants,CADILA HEALTHCARE LTD,Pharmaceuticals ,201-500 employees,"8,539 followers"
J168,Aditya Birla Fashion and Retail - Category Manager - Jaypore,Manager,"Delhi, Delhi, India",Full-time,Mid-Senior level,Over 200 applicants,Aditya Birla Fashion and Retail Ltd - Pantaloons,Retail ,"5,001-10,000 employees","52,391 followers"
J169,Procurement Lead - Non Perishables,others,"Pune, Maharashtra, India",Full-time,Mid-Senior level,70 applicants,Dunzo,Computer Software ,"5,001-10,000 employees","270,387 followers"
J170,Mechanical Technician,others,"Kolkata, West Bengal, India",Full-time,Entry level,54 applicants,Navin Group,Logistics & Supply Chain ,"1,001-5,000 employees","1,765 followers"
J171,Fresher Mechanical Engineer,others,"Gurgaon, Haryana, India",Full-time,Entry level,168 applicants,Spirale HR Solutions Pvt Ltd,Human Resources ,51-200 employees,853 followers
J172,Manager / SR Consultant | Management Consulting,Manager,"Mumbai, Maharashtra, India",Full-time,Mid-Senior level,Over 200 applicants,PwC India,Management Consulting ,"5,001-10,000 employees","914,515 followers"
J173,HR Director,Human-resourse,"Chennai, Tamil Nadu, India",Full-time,Director,Over 200 applicants,Antal International,Staffing & Recruiting ,"1,001-5,000 employees","609,997 followers"
J174,Financial Analyst,Analyst,"Bengaluru, Karnataka, India",Full-time,NULL,Over 200 applicants,HP,Information Technology & Services ,"10,001+ employees","5,143,704 followers"
J175,Head - Corporate HR,Human-resourse,"Ahmedabad, Gujarat, India",Full-time,Director,Over 200 applicants,CADILA HEALTHCARE LTD,Pharmaceuticals ,201-500 employees,"8,539 followers"
J176,Civil Engineer,others,"Hyderabad, Telangana, India",Full-time,NULL,Over 200 applicants,Mace,Construction ,"5,001-10,000 employees","365,101 followers"
J177,FP&A,others,"Mumbai, Maharashtra, India",Full-time,Mid-Senior level,25 applicants,Acme Services,Human Resources ,51-200 employees,"79,751 followers"
J178,Key Account Manager I,Accountant,"Hyderabad, Telangana, India",Full-time,Mid-Senior level,121 applicants,Swiggy,Computer Software ,"1,001-5,000 employees","1,212,772 followers"
J179,Australian Time Zone - Sales Development Representative (INDIA) - REMOTE,sales,"Bengaluru, Karnataka, India",Full-time,NULL,28 applicants,Fortanix,Computer & Network Security ,201-500 employees,"58,114 followers"
J180,Graduate Analyst,Analyst,"Pune, Maharashtra, India",Full-time,Associate,48 applicants,Barclays,Financial Services ,"10,001+ employees","1,306,895 followers"
J181,Engineer - Calibration,others,"Chennai, Tamil Nadu, India",Full-time,Entry level,21 applicants,Mahindra Group,Executive Office ,"10,001+ employees","1,071,139 followers"
J182,Inventory Planner,others,"Bengaluru, Karnataka, India",Full-time,Mid-Senior level,Over 200 applicants,cure.fit (cult.fit),"Health, Wellness & Fitness ","1,001-5000 employees","276,469 followers"
J183,Factory Manager/ Sr. Factory Manager,Manager,"Delhi, Delhi, India",Full-time,Mid-Senior level,4 applicants,Alom Poly Extrusions Ltd.,Plastics ,"501-1,000 employees","1,472 followers"
J184,"Manager, Films and Series Marketing - India",marketing,"Mumbai, Maharashtra, India",Full-time,NULL,Over 200 applicants,Netflix,Entertainment ,"10,001+ employees","9,322,430 followers"
J185,Client Partner:Travel and Education,others,"Mumbai, Maharashtra, India",Full-time,Mid-Senior level,Over 200 applicants,Spotify,Music ,"5,001-10,000 employees","3,079,803 followers"
J186,"Unit Head(Leading Hospital Chain, Multiple locations)",others,"Lucknow, Uttar Pradesh, India",Full-time,Director,10 applicants,Michael Page,Staffing & Recruiting ,"5,001-10,000 employees","3,090,244 followers"
J187,Arvind - Manager - eCommerce,Manager,"Bengaluru, Karnataka, India",Full-time,Mid-Senior level,Over 200 applicants,Arvind Limited,Apparel & Fashion ,"10,001+ employees","135,491 followers"
J188,Intern/ Trainee,others,"Gurugram, Haryana, India",Full-time,Internship,Over 200 applicants,PwC India,Management Consulting ,"5,001-10,000 employees","914,515 followers"
J189,Airport Ground Staff,others,"Pune, Maharashtra, India",Full-time,Executive,42 applicants,Airbov Solutions,Information Technology & Services ,11-50 employees,272 followers
J190,System Administrator - 300822,others,"Pune, Maharashtra, India",Full-time,Mid-Senior level,45 applicants,SirionLabs,Computer Software ,"501-1,000 employees","89,499 followers"
J191,learning and development-GTS,others,"Gurgaon, Haryana, India",Full-time,Entry level,129 applicants,Maruti Suzuki India Limited,Automotive ,"10,001+ employees","633,905 followers"
J192,Talent Acquisition Operations Coordinator,others,India,Full-time,Entry level,Over 200 applicants,WarnerMedia,Entertainment ,"10,001+ employees","639,229 followers"
J193,Sales Associate - B2B,Associate,"Hyderabad, Telangana, India",Full-time,Entry level,73 applicants,Dunzo,Computer Software ,"5,001-10,000 employees","270,387 followers"
J194,Voyage Claims Specialist,others,"Chennai, Tamil Nadu, India",Full-time,NULL,20 applicants,Shell,Oil & Energy ,"10,001+ employees","6,057,750 followers"
J195,Regional Airports Manager - India and Maldives,Manager,"Gurgaon, Haryana, India",Full-time,Mid-Senior level,Over 200 applicants,British Airways,Airlines/Aviation ,"10,001+ employees","701,423 followers"
J196,Human Resources Officer,others,"Gurgaon, Haryana, India",Full-time,Entry level,Over 200 applicants,Hyatt Regency,Hospitality ,"10,001+ employees","374,139 followers"
J197,TCS BPS hiring For Insurance Analyst-Bangalore Location,Analyst,"Bengaluru, Karnataka, India",Full-time,Mid-Senior level,Over 200 applicants,Tata Consultancy Services,Information Technology & Services ,"10,001+ employees","11,344,528 followers"
J198,Associate- Internal Audit - Gurgaon,Associate,"Delhi, Delhi, India",Full-time,Mid-Senior level,Over 200 applicants,PwC India,Management Consulting ,"5,001-10,000 employees","914,515 followers"
J199,"Junior Analyst - Accounting, Reporting and Control Coordinator",Analyst,"Gurgaon, Haryana, India",Full-time,Mid-Senior level,47 applicants,Dyson,Electrical & Electronic Manufacturing ,"10,001+ employees","320,902 followers"
J200,Project Assistant,others,"Mumbai, Maharashtra, India",Full-time,Entry level,61 applicants,Jet Airways,Airlines/Aviation ,"10,001+ employees","288,983 followers"
J201,Petroleum Engineer,others,"Chennai, Tamil Nadu, India",Full-time,Entry level,108 applicants,Mahindra Truck and Bus,Automotive ,"501-1,000 employees","54,049 followers"
J202,Team Assistant,others,"Pune, Maharashtra, India",Full-time,Mid-Senior level,Over 200 applicants,Siemens Energy,Renewables & Environment ,"10,001+ employees","1,044,750 followers"
J203,Need urgent driver,others,"Delhi, Delhi, India",Full-time,Entry level,36 applicants,Uou,Marketing & Advertising ,2-10 employees,137 followers
J204,Customer Care Executive,others,"Gurgaon, Haryana, India",Full-time,Mid-Senior level,32 applicants,Cashify,Consumer Services ,"501-1,000 employees","27,232 followers"
J205,Urgent Opening for Airport Ground Staff,others,"Pune, Maharashtra, India",Full-time,Executive,61 applicants,Airbov Solutions,Information Technology & Services ,11-50 employees,272 followers
J206,IT SUPPORT,others,"Chennai, Tamil Nadu, India",Full-time,Associate,7 applicants,Recruiting India,Staffing & Recruiting ,11-50 employees,"3,948 followers"
J207,People Administrator,others,"Bangalore Urban, Karnataka, India",Full-time,Mid-Senior level,15 applicants,Stats Perform,Sports ,"1,001-5,000 employees","62,051 followers"
J208,Manual Tester,others,"Delhi, Delhi, India",Full-time,Associate,46 applicants,HyrEzy Talent Solutions LLP,Staffing & Recruiting ,11-50 employees,"1,865 followers"
J209,Associate,Associate,"Delhi, Delhi, India",Full-time,Entry level,Over 200 applicants,PwC India,Management Consulting ,"5,001-10,000 employees","914,515 followers"
J210,Associate - Gurgaon- Technology Consulting,Associate,"Delhi, Delhi, India",Full-time,Entry level,127 applicants,PwC India,Management Consulting ,"5,001-10,000 employees","914,515 followers"
J211,Staff Accountant,Accountant,"Hyderabad, Telangana, India",Full-time,NULL,44 applicants,UWorld,E-learning ,"501-1,000 employees","49,242 followers"
J212,Financial Admin Assistant,others,"Pune, Maharashtra, India",Full-time,Entry level,135 applicants,UPS,Transportation/Trucking/Railroad ,"10,001+ employees","1,614,205 followers"
J213,Hr Executive,Human-resourse,"Lucknow, Uttar Pradesh, India",Full-time,Mid-Senior level,19 applicants,ShiningStars ITPL,Human Resources ,51-200 employees,978 followers
J214,Project Manager,Manager,"Bengaluru, Karnataka, India",Full-time,Mid-Senior level,Over 200 applicants,Allstate India,Information Technology & Services ,"5,001-10,000 employees","100,736 followers"
J215,Project Manager,Manager,"Delhi, Delhi, India",Full-time,Entry level,Over 200 applicants,VMware,Computer Software ,"10,001+ employees","1,797,512 followers"
J216,Vice President - Project Execution,others,"Chennai, Tamil Nadu, India",Full-time,Executive,196 applicants,Antal International,Staffing & Recruiting ,"1,001-5,000 employees","609,997 followers"
J217,HR Assistant,Human-resourse,"Ahmedabad, Gujarat, India",Full-time,Entry level,10 applicants,Mspire HR Solutions (Unit of Mspire Ventures Private Limited),Staffing & Recruiting ,11-50 employees,"3,242 followers"
J218,Quality Engineer (Manual),others,"Bengaluru, Karnataka, India",Full-time,Entry level,Over 200 applicants,CallHub,Computer Software ,11-50 employees,"33,650 followers"
J219,Customer Service Representative,others,"Noida, Uttar Pradesh, India",Full-time,NULL,Over 200 applicants,Wipro,Information Technology & Services ,"10,001+ employees","6,414,174 followers"
J220,Civil Engineer,others,"Delhi, Delhi, India",Full-time,NULL,Over 200 applicants,Mace,Construction ,"5,001-10,000 employees","365,101 followers"
J221,Associate-Financial Accounting,Accountant,"Bengaluru, Karnataka, India",Full-time,NULL,Over 200 applicants,Tesco Bengaluru,Retail ,"5,001-10,000 employees","205,552 followers"
J222,Product Development Manager- SUGAR Cosmetics,Manager,"Mumbai, Maharashtra, India",Full-time,Mid-Senior level,34 applicants,SUGAR Cosmetics,Cosmetics ,201-500 employees,"129,066 followers"
J223,Zonal Sales,sales,"Lucknow, Uttar Pradesh, India",Full-time,Mid-Senior level,37 applicants,Acme Services,Human Resources ,51-200 employees,"79,751 followers"
J224,Furniture Carpenter,others,"Delhi, Delhi, India",Full-time,Entry level,5 applicants,Rentickle,Computer Software ,51-200 employees,"15,207 followers"
J225,Product Design Internship in Bangalore at Workex,others,"Bengaluru, Karnataka, India",Full-time,Internship,30 applicants,Workex,Human Resources ,51-200 employees,"20,035 followers"
J226,Executive HR Operations,Human-resourse,"Hyderabad, Telangana, India",Full-time,Mid-Senior level,10 applicants,Reckitt,Consumer Goods ,"10,001+ employees","1,109,503 followers"
J227,"Manager/ Senior Manager - Costing and Budgeting, Mumbai",Manager,"Mumbai, Maharashtra, India",Full-time,Mid-Senior level,Over 200 applicants,Godrej Properties Limited,Real Estate ,"1,001-5,000 employees","419,717 followers"
J228,Brand Manager -PC,Manager,"Gurgaon, Haryana, India",Full-time,Mid-Senior level,Over 200 applicants,Dyson,Electrical & Electronic Manufacturing ,"10,001+ employees","320,902 followers"
J229,"Account Director, LinkedIn Talent Solutions",Accountant,"Gurgaon, Haryana, India",Full-time,NULL,141 applicants,LinkedIn,Computer Software ,"10,001+ employees","24,053,189 followers"
J230,Supply Chain Manager,Manager,"Pune, Maharashtra, India",Full-time,Mid-Senior level,Over 200 applicants,Forms+Surfaces,Architecture & Planning ,"501-1,000 employees","24,498 followers"
J231,Assistant Manager,Manager,"Gurgaon, Haryana, India",Full-time,Mid-Senior level,Over 200 applicants,KPMG India,Management Consulting ,"10,001+ employees","1,401,090 followers"
J232,Regional Manager - Sales (B2B),sales,"Pune, Maharashtra, India",Full-time,NULL,Over 200 applicants,Michelin,Automotive ,"10,001+ employees","639,220 followers"
J233,Senior Finance Accountant,Accountant,"Pune, Maharashtra, India",Full-time,Mid-Senior level,Over 200 applicants,SMS-Magic,Computer Software ,51-200 employees,"25,159 followers"
J234,Health Coach (Nurse),others,"Hyderabad, Telangana, India",Full-time,Associate,8 applicants,NanoHealth,"Health, Wellness & Fitness ",11-50 employees,"1,123 followers"
J235,Associate,Associate,"Hyderabad, Telangana, India",Full-time,Entry level,Over 200 applicants,PwC India,Management Consulting ,"5,001-10,000 employees","914,515 followers"
J236,Looking for HR Recruiter in Pune,Human-resourse,"Pune, Maharashtra, India",Full-time,Mid-Senior level,50 applicants,SevenMentor Pvt Ltd,Computer Software ,51-200 employees,"12,571 followers"
J237,Regional Safety and Security Manager,Manager,"Gurgaon, Haryana, India",Full-time,Mid-Senior level,Over 200 applicants,Airbnb,Computer Software ,"5,001-10,000 employees","2,219,932 followers"
J238,Executive - Invoicing,others,"Gurgaon, Haryana, India",Full-time,Executive,149 applicants,IndiGo (InterGlobe Aviation Ltd),Airlines/Aviation ,"10,001+ employees","392,177 followers"
J239,Area Sales Manager,sales,"Gurgaon, Haryana, India",Full-time,Mid-Senior level,Over 200 applicants,3M,Mechanical Or Industrial Engineering ,"10,001+ employees","1,974,057 followers"
J240,Frontend Developer,Developer,"Mumbai, Maharashtra, India",Full-time,Director,71 applicants,Truemeds India,Pharmaceuticals ,201-500 employees,"18,589 followers"
J241,Talent Acquisition Lead - India,others,India,Full-time,Mid-Senior level,Over 200 applicants,WarnerMedia,Entertainment ,"10,001+ employees","639,229 followers"
J242,Recruitment - Manager,Manager,"Noida, Uttar Pradesh, India",Full-time,Mid-Senior level,Over 200 applicants,Paytm,Financial Services ,"10,001+ employees","1,101,711 followers"
J243,Electrical Designer,others,"Pune, Maharashtra, India",Full-time,Associate,13 applicants,Brunel,Staffing & Recruiting ,"10,001+ employees","494,823 followers"
J244,Designer - Solidworks,others,"Bengaluru, Karnataka, India",Full-time,Entry level,17 applicants,SrinSoft Technologies,Information Technology & Services ,"501-1,000 employees","14,172 followers"
J245,Design Engineer (CAD Draftsman),others,"Pune, Maharashtra, India",Full-time,Entry level,70 applicants,Howden,Mechanical Or Industrial Engineering ,"5,001-10,000 employees","70,131 followers"
J246,CAD Draughtsman,others,"Pune, Maharashtra, India",Full-time,Entry level,25 applicants,SrinSoft Technologies,Information Technology & Services ,"501-1,000 employees","14,172 followers"
J247,Manager,Manager,"Mumbai, Maharashtra, India",Full-time,Mid-Senior level,43 applicants,PwC India,Management Consulting ,"5,001-10,000 employees","914,515 followers"
J248,Engineer CAD,others,"Pune, Maharashtra, India",Full-time,Entry level,Over 200 applicants,Emerson,Mechanical Or Industrial Engineering ,"10,001+ employees","790,715 followers"
J249,Assistant Manager - Human Resources,Manager,"Lucknow, Uttar Pradesh, India",Full-time,Director,Over 200 applicants,Hyatt Regency,Hospitality ,"10,001+ employees","374,139 followers"
J250,"Lead Product Marketing ( Full Time, Remote )",marketing,"New Delhi, Delhi, India",Full-time,Mid-Senior level,79 applicants,Hike,Computer Software ,51-200 employees,"351,786 followers"
J251,Social Lead - INSWA,others,"Gurgaon, Haryana, India",Full-time,Mid-Senior level,Over 200 applicants,The Coca-Cola Company,Food & Beverages ,"10,001+ employees","7,070,166 followers"
J252,Fresher Mechanical Engineer,others,"Chennai, Tamil Nadu, India",Full-time,Entry level,10 applicants,Spirale HR Solutions Pvt Ltd,Human Resources ,51-200 employees,853 followers
J253,Web Designer,others,"Chennai, Tamil Nadu, India",Full-time,Entry level,57 applicants,Cynosure Corporate Solutions,Staffing & Recruiting ,51-200 employees,"9,066 followers"
J254,Software Engineer-Test,others,"Pune, Maharashtra, India",Full-time,Associate,Over 200 applicants,PhonePe,Computer Software ,"1,001-5,000 employees","524,134 followers"
J255,Hr Generalist,Human-resourse,"Pune, Maharashtra, India",Full-time,Mid-Senior level,53 applicants,Actualise Business Solutions,Human Resources ,11-50 employees,"3,863 followers"
J256,Junior Engineer,others,"Pune, Maharashtra, India",Full-time,Associate,Over 200 applicants,GE Aerospace,Aviation & Aerospace ,"10,001+ employees","843,672 followers"
J257,Intern,others,"Pune, Maharashtra, India",Full-time,Internship,111 applicants,Cerence Inc.,Computer Software ,"1,001-5,000 employees","27,194 followers"
J258,Supplier Quality Assurance,others,"Chennai, Tamil Nadu, India",Full-time,Mid-Senior level,Over 200 applicants,Hyundai Motor India Ltd.,Automotive ,"5,001-10,000 employees","1,084,800 followers"
J259,Manager / SR Consultant | Management Consulting,Manager,"Mumbai, Maharashtra, India",Full-time,Mid-Senior level,Over 200 applicants,PwC India,Management Consulting ,"5,001-10,000 employees","914,515 followers"
J260,Logistics Head,others,"Maharashtra, India",Full-time,Director,73 applicants,MASTER MIND CONSULTANCY,Staffing & Recruiting ,11-50 employees,"4,908 followers"
J261,Data Analyst - Supply Chain,Analyst,"Chennai, Tamil Nadu, India",Full-time,NULL,Over 200 applicants,Logitech,Consumer Electronics ,"5,001-10,000 employees","228,187 followers"
J262,Manager,Manager,"Gurgaon, Haryana, India",Full-time,Mid-Senior level,Over 200 applicants,KPMG India,Management Consulting ,"10,001+ employees","1,401,090 followers"
J263,General Manager - Marketing,marketing,"Lucknow, Uttar Pradesh, India",Full-time,Executive,164 applicants,The Phoenix Mills Ltd.,Real Estate ,"501-1,000 employees","22,470 followers"
J264,Sr. Logistics Specialist,others,"Gurgaon, Haryana, India",Full-time,Mid-Senior level,Over 200 applicants,Crocs,Consumer Goods ,"1,001-5,000 employees","61,755 followers"
J265,Associate - Hyderabad,Associate,"Hyderabad, Telangana, India",Full-time,Mid-Senior level,Over 200 applicants,PwC India,Management Consulting ,"5,001-10,000 employees","914,515 followers"
J266,Business Analyst,Analyst,"Noida, Uttar Pradesh, India",Full-time,Mid-Senior level,Over 200 applicants,Oracle,Information Technology & Services ,"10,001+ employees","8,577,113 followers"
J267,Accountant,Accountant,"Gurgaon, Haryana, India",Full-time,Mid-Senior level,Over 200 applicants,Airbnb,Computer Software ,"5,001-10,000 employees","2,219,932 followers"
J268,Financial Planning and Analysis,others,"Mumbai, Maharashtra, India",Full-time,Mid-Senior level,7 applicants,Nium,Financial Services ,"501-1,000 employees","122,727 followers"
J269,Manager,Manager,"Bengaluru, Karnataka, India",Full-time,Mid-Senior level,31 applicants,PwC India,Management Consulting ,"5,001-10,000 employees","914,515 followers"
J270,React js,others,"Chennai, Tamil Nadu, India",Full-time,Associate,37 applicants,CodeGama,Computer Software ,11-50 employees,"9,089 followers"
J271,Manager � Procurement,Manager,"Mumbai, Maharashtra, India",Full-time,Mid-Senior level,Over 200 applicants,Pidilite Industries Limited,Consumer Goods ,"1,001-5,000 employees","413,714 followers"
J272,Budgeting & Costing,others,"Gurgaon, Haryana, India",Full-time,NULL,97 applicants,Maruti Suzuki India Limited,Automotive ,"10,001+ employees","633,905 followers"
J273,Assistant Manager-QA&TS,Manager,"Gurgaon, Haryana, India",Full-time,Mid-Senior level,51 applicants,IndiGo (InterGlobe Aviation Ltd),Airlines/Aviation ,"10,001+ employees","392,177 followers"
J274,Manager/Senior Manager - Administration,Manager,"Mumbai, Maharashtra, India",Full-time,Mid-Senior level,Over 200 applicants,IndiGo (InterGlobe Aviation Ltd),Airlines/Aviation ,"10,001+ employees","392,177 followers"
J275,Staff Nurse,others,"Lucknow, Uttar Pradesh, India",Full-time,Mid-Senior level,6 applicants,Alliance Recruitment Agency,Human Resources ,51-200 employees,"15,165 followers"
J276,Assistant Manager - Central,Manager,"Delhi, Delhi, India",Full-time,NULL,Over 200 applicants,Flipkart,Computer Software ,"10,001+ employees","3,094,261 followers"
J277,Associate- Market Risk(Finance),Associate,"Mumbai, Maharashtra, India",Full-time,NULL,154 applicants,Morgan Stanley,Financial Services ,"10,001+ employees","2,398,039 followers"
J278,Manager,Manager,"Hyderabad, Telangana, India",Full-time,Mid-Senior level,Over 200 applicants,Genpact,Information Technology & Services ,"10,001+ employees","2,264,446 followers"
J279,Mechanical Design Engineer,others,"Chennai, Tamil Nadu, India",Full-time,Entry level,Over 200 applicants,ZF Group,Automotive ,"10,001+ employees","890,111 followers"
J280,Account Manager - Sales,Accountant,"Mumbai, Maharashtra, India",Full-time,NULL,193 applicants,Procter & Gamble,Consumer Goods ,"10,001+ employees","7,186,774 followers"
J281,Brand Executive,others,"Mumbai, Maharashtra, India",Full-time,Associate,Over 200 applicants,Marico Limited,Consumer Goods ,"1,001-5,000 employees","556,727 followers"
J282,Assistant Manager,Manager,"Gurgaon, Haryana, India",Full-time,Mid-Senior level,Over 200 applicants,KPMG India,Management Consulting ,"10,001+ employees","1,401,090 followers"
J283,Accountant,Accountant,"Bengaluru, Karnataka, India",Full-time,Entry level,Over 200 applicants,Jet Airways,Airlines/Aviation ,"10,001+ employees","288,983 followers"
J284,APAC Recruiter,others,"Pune, Maharashtra, India",Contract,Mid-Senior level,Over 200 applicants,Capgemini,Information Technology & Services ,"10,001+ employees","5,198,624 followers"
J285,Supply Chain Consultant,others,"Chennai, Tamil Nadu, India",Full-time,Mid-Senior level,Over 200 applicants,Tata Consultancy Services,Information Technology & Services ,"10,001+ employees","11,344,528 followers"
J286,Sales Manager -  CASA Acquisition,sales,Mumbai Metropolitan Region,Full-time,Associate,168 applicants,IndusInd Bank,Banking ,"10,001+ employees","979,068 followers"
J287,Area Sales Manager,sales,"Delhi, Delhi, India",Full-time,Mid-Senior level,Over 200 applicants,Pidilite Industries Limited,Consumer Goods ,"1,001-5,000 employees","413,714 followers"
J288,Frontend Developer,Developer,"Delhi, Delhi, India",Full-time,Entry level,47 applicants,Quadrangle,Human Resources ,51-200 employees,"9,998 followers"
J289,Senior Analyst � Digital & eCommerce,Analyst,"Gurgaon, Haryana, India",Full-time,Mid-Senior level,Over 200 applicants,The Coca-Cola Company,Food & Beverages ,"10,001+ employees","7,070,166 followers"
J290,Director of Sales India,sales,"Mumbai, Maharashtra, India",Full-time,Director,Over 200 applicants,Spotify,Music ,"5,001-10,000 employees","3,079,803 followers"
J291,React .Js Fresher,others,"Sahibzada Ajit Singh Nagar, Punjab, India",Full-time,Associate,10 applicants,SofSter,Information Technology & Services ,11-50 employees,"1,448 followers"
J292,Area Service Manager,Manager,"Pune, Maharashtra, India",Full-time,Mid-Senior level,52 applicants,Mahindra Group,Executive Office ,"10,001+ employees","1,071,139 followers"
J293,Sales Manager I - Meat Stores,sales,"Delhi, Delhi, India",Full-time,Mid-Senior level,Over 200 applicants,Swiggy,Computer Software ,"1,001-5,000 employees","1,212,772 followers"
J294,Photography/Videography Internship in Kochi at Spinny,others,"Kochi, Kerala, India",Full-time,Internship,7 applicants,Spinny,Automotive ,"1,001-5,000 employees","138,178 followers"
J295,Finance Analyst,Analyst,"Pune, Maharashtra, India",Full-time,Entry level,10 applicants,UPS,Transportation/Trucking/Railroad ,"10,001+ employees","1,614,205 followers"
J296,SAP MM Consultant,others,"Pune, Maharashtra, India",Full-time,Mid-Senior level,Over 200 applicants,Infosys,Information Technology & Services ,"10,001+ employees","6,467,437 followers"
J297,Senior Project Manager,Manager,"Bengaluru, Karnataka, India",Full-time,Mid-Senior level,Over 200 applicants,Unilever,Consumer Goods ,"10,001+ employees","18,229,634 followers"
J298,Medical Representative,others,"Mumbai, Maharashtra, India",Full-time,Entry level,16 applicants,OASIS - HR CONSULTANT,Human Resources ,11-50 employees,"22,077 followers"
J299,Assistant Brand Manager,Manager,"Mumbai, Maharashtra, India",Full-time,Mid-Senior level,Over 200 applicants,Unilever,Consumer Goods ,"10,001+ employees","18,229,634 followers"
J300,Manufacturing Engineer,others,"Pune, Maharashtra, India",Full-time,Entry level,151 applicants,Mahindra Group,Executive Office ,"10,001+ employees","1,071,139 followers"
J301,Empregado Refeit�rio (M/F) Valen�a,others,"Alipur, Delhi, India",Full-time,Entry level,10 applicants,ITAU,Restaurants ,"1,001-5,000 employees","6,461 followers"
J302,Work from Home- Voice Assistant,others,"Noida, Uttar Pradesh, India",Full-time,Entry level,Over 200 applicants,Tech Mahindra,Information Technology & Services ,"10,001+ employees","3,917,491 followers"
J303,Executive Crew Planning,others,"Gurgaon, Haryana, India",Full-time,Entry level,152 applicants,IndiGo (InterGlobe Aviation Ltd),Airlines/Aviation ,"10,001+ employees","392,177 followers"
J304,Sales Trainee,sales,"Mumbai, Maharashtra, India",Full-time,Mid-Senior level,60 applicants,Mahindra Holidays & Resorts India Limited,Hospitality ,"10,001+ employees","116,062 followers"
J305,Director of Finance,others,"Delhi, Delhi, India",Full-time,Director,Over 200 applicants,Hyatt Regency,Hospitality ,"10,001+ employees","374,139 followers"
J306,Analyst,Analyst,"Noida, Uttar Pradesh, India",Full-time,NULL,Over 200 applicants,Wipro,Information Technology & Services ,"10,001+ employees","6,414,174 followers"
J307,Quality Specialist,others,"Bengaluru, Karnataka, India",Full-time,Entry level,Over 200 applicants,PhonePe,Computer Software ,"1,001-5,000 employees","524,134 followers"
J308,Purchasing Manager,Manager,"Pune, Maharashtra, India",Full-time,NULL,10 applicants,"KSB Limited, UK",Mechanical Or Industrial Engineering ,51-200 employees,"8,677 followers"
J309,Customer Support Executive,others,"Lucknow, Uttar Pradesh, India",Full-time,Mid-Senior level,20 applicants,eFeed,Farming ,2-10 employees,"1,562 followers"
J310,Jr. Human Resource,others,"Ahmedabad, Gujarat, India",Full-time,Entry level,Over 200 applicants,Paperclip Design,Design ,2-10 employees,"2,305 followers"
J311,"Store Manager, Mumbai",Manager,"Mumbai, Maharashtra, India",Full-time,Mid-Senior level,Over 200 applicants,Bulgari,Luxury Goods & Jewelry ,"1,001-5,000 employees","739,321 followers"
J312,Specialist - Gurgaon- DS&O (Deals Strategy & Operations),others,"Delhi, Delhi, India",Full-time,Mid-Senior level,176 applicants,PwC India,Management Consulting ,"5,001-10,000 employees","914,515 followers"
J313,Environmental Engineer,others,"Noida, Uttar Pradesh, India",Full-time,Entry level,137 applicants,Pollucon Technologies Limited,Construction ,51-200 employees,344 followers
J314,Mechanical Technician,others,"Chennai, Tamil Nadu, India",Full-time,Entry level,20 applicants,ShiningStars ITPL,Human Resources ,51-200 employees,978 followers
J315,Executive,others,"Gurgaon, Haryana, India",Full-time,Executive,Over 200 applicants,KPMG India,Management Consulting ,"10,001+ employees","1,401,090 followers"
J316,Hiring for AR Callers !!,others,"Chennai, Tamil Nadu, India",Full-time,Entry level,1 applicant,Softone HR Solutions,Staffing & Recruiting ,11-50 employees,"3,802 followers"
J317,Zonal Sales Manager (Lucknow),sales,"Lucknow, Uttar Pradesh, India",Full-time,Mid-Senior level,45 applicants,Mee 2 Bee Smart Services Pvt. Ltd.,Management Consulting ,2-10 employees,"4,856 followers"
J318,Electrician,others,"Delhi, Delhi, India",Full-time,Entry level,28 applicants,High Street Essentials,Retail ,"501-1,000 employees",676 followers
J319,Associate,Associate,"Mumbai, Maharashtra, India",Full-time,Entry level,174 applicants,PwC India,Management Consulting ,"5,001-10,000 employees","914,515 followers"
J320,Manager - Project Maintenance,Manager,"Mumbai, Maharashtra, India",Full-time,Entry level,Over 200 applicants,Godrej Group,Consumer Goods ,"10,001+ employees","278,190 followers"
J321,Civil - Trainee Design Engineer,others,"Pune, Maharashtra, India",Full-time,Internship,Over 200 applicants,Indovance Inc.,Outsourcing/Offshoring ,201-500 employees,"11,020 followers"
J322,Project Engineer - (Civil),others,"Ahmedabad, Gujarat, India",Full-time,Entry level,Over 200 applicants,PeopleTree Knowledge Services Pvt. Ltd.,Information Technology & Services ,51-200 employees,"2,939 followers"
J323,Business Manager,Manager,"Mumbai, Maharashtra, India",Full-time,Director,Over 200 applicants,Tata Trusts,Non-profit Organization Management ,201-500 employees,"131,544 followers"
J324,Customer Relationship Executive - Bangalore,others,"Bengaluru, Karnataka, India",Contract,Mid-Senior level,34 applicants,Aditya Birla Finance Limited,Financial Services ,"1,001-5,000 employees","55,446 followers"
J325,Acquisition Marketing Manager,marketing,"Bengaluru, Karnataka, India",Full-time,NULL,Over 200 applicants,LinkedIn,Computer Software ,"10,001+ employees","24,053,189 followers"
J326,Customer Support Executive,others,"Mumbai, Maharashtra, India",Full-time,Mid-Senior level,20 applicants,PayU,Financial Services ,"1,001-5,000 employees","184,462 followers"
J327,Executive crew control and logistics,others,"Gurgaon, Haryana, India",Full-time,Entry level,110 applicants,IndiGo (InterGlobe Aviation Ltd),Airlines/Aviation ,"10,001+ employees","392,177 followers"
J328,Operator - Manufacturing,others,"Ahmedabad, Gujarat, India",Full-time,Entry level,6 applicants,CADILA HEALTHCARE LTD,Pharmaceuticals ,201-500 employees,"8,539 followers"
J329,Intern - HR Operations,Human-resourse,"Mumbai, Maharashtra, India",Internship,Internship,Over 200 applicants,ZEE5,Entertainment ,201-500 employees,"143,935 followers"
J330,PM/PMO,others,"Ahmedabad, Gujarat, India",Full-time,Mid-Senior level,22 applicants,Stridely Solutions,Information Technology & Services ,201-500 employees,"21,914 followers"
J331,Front Desk/Admin,others,"Ahmedabad, Gujarat, India",Full-time,Entry level,12 applicants,Stridely Solutions,Information Technology & Services ,201-500 employees,"21,914 followers"
J332,Trainer & Content Manager,Manager,"Pune, Maharashtra, India",Full-time,Mid-Senior level,2 applicants,SkillSphere Education,Education Management ,11-50 employees,696 followers
J333,Store Manager - Retail (3-5 yrs),Manager,"Hyderabad, Telangana, India",Full-time,Mid-Senior level,52 applicants,Urban Ladder,Computer Software ,"501-1,000 employees","83,566 followers"
J334,Manager-Regional Rural Sales,sales,"Lucknow, Uttar Pradesh, India",Full-time,Mid-Senior level,55 applicants,Mahindra Group,Executive Office ,"10,001+ employees","1,071,139 followers"
J335,Site Supervisor,others,"Ahmedabad, Gujarat, India",Full-time,Mid-Senior level,101 applicants,Flipspaces,Design ,51-200 employees,"26,542 followers"
J336,Director of Operation,others,"Delhi, Delhi, India",Full-time,Director,Over 200 applicants,ANdAZ,Hospitality ,"10,001+ employees","20,695 followers"
J337,Logistics Manager,Manager,"Mumbai, Maharashtra, India",Full-time,Mid-Senior level,Over 200 applicants,Reckitt,Consumer Goods ,"10,001+ employees","1,109,503 followers"
J338,Head - Manufacturing - Vehicle Assembly,others,"Chennai, Tamil Nadu, India",Full-time,Director,86 applicants,Inspire consultancy services pvt. ltd,Human Resources ,11-50 employees,567 followers
J339,Frontend Developer,Developer,"Pune, Maharashtra, India",Full-time,Entry level,Over 200 applicants,3DEXCITE,Marketing & Advertising ,"501-1,000 employees","26,429 followers"
J340,Accounts Receivable Analyst [T500-5812],Analyst,"Hyderabad, Telangana, India",Full-time,Mid-Senior level,Over 200 applicants,PepsiCo,Food & Beverages ,"10,001+ employees","6,909,195 followers"
J341,Executive,others,"Gurgaon, Haryana, India",Full-time,Executive,Over 200 applicants,KPMG India,Management Consulting ,"10,001+ employees","1,401,090 followers"
J342,HRBP,Human-resourse,"Mumbai, Maharashtra, India",Full-time,Director,41 applicants,Reliance Jio Infocom Limited,Electrical & Electronic Manufacturing ,0-1 employees,"42,081 followers"
J343,Medical Sales Representative,sales,"Varanasi, Uttar Pradesh, India",Full-time,Entry level,21 applicants,EEPIC Management,Human Resources ,11-50 employees,916 followers
J344,Head of Customer Service,others,India,Full-time,Director,Over 200 applicants,Cactus Communications,Computer Software ,"1,001-5,000 employees","494,454 followers"
J345,Field Sales Development Manager- TrueValue,sales,"Kakori, Uttar Pradesh, India",Full-time,Mid-Senior level,Over 200 applicants,Maruti Suzuki India Limited,Automotive ,"10,001+ employees","633,905 followers"
J346,Kitchen Staff Substitute,others,"Salem, Tamil Nadu, India",Part-time,Entry level,10 applicants,Opaa! Food Management,Food & Beverages ,"1,001-5,000 employees","1,629 followers"
J347,Financial Analyst,Analyst,"Bengaluru, Karnataka, India",Full-time,NULL,Over 200 applicants,HP,Information Technology & Services ,"10,001+ employees","5,143,704 followers"
J348,Financial Accountant,Accountant,"Pune, Maharashtra, India",Full-time,NULL,Over 200 applicants,UBS,Financial Services ,"10,001+ employees","1,252,029 followers"
J349,Customer Support Executive,others,"Bengaluru, Karnataka, India",Full-time,NULL,Over 200 applicants,Infosys BPM,Information Technology & Services ,"10,001+ employees","779,454 followers"
J350,UI-UX Designer,others,"Kolkata, West Bengal, India",Full-time,Entry level,93 applicants,Godrej Infotech Ltd,Information Technology & Services ,"501-1,000 employees","24,045 followers"
J351,AVP - Maintenance/Engineering - FMCG,others,"Chennai, Tamil Nadu, India",Full-time,Entry level,25 applicants,People Connect Placements Pvt Ltd,Staffing & Recruiting ,11-50 employees,"13,223 followers"
J352,Sales Manager,sales,"Pune, Maharashtra, India",Full-time,Director,105 applicants,Hyatt Regency,Hospitality ,"10,001+ employees","374,139 followers"
J353,Graduate Analyst,Analyst,"Pune, Maharashtra, India",Full-time,Associate,44 applicants,Barclays,Financial Services ,"10,001+ employees","1,306,895 followers"
J354,Senior Executive Finance,others,"Bengaluru, Karnataka, India",Full-time,Mid-Senior level,Over 200 applicants,Unilever,Consumer Goods ,"10,001+ employees","18,229,634 followers"
J355,Quality Assurance,others,"Lucknow, Uttar Pradesh, India",Full-time,Mid-Senior level,9 applicants,e.Soft Technologies Pvt Ltd,Information Technology & Services ,201-500 employees,"11,417 followers"
J356,Executive- Social Media,others,"Gurgaon, Haryana, India",Full-time,Mid-Senior level,Over 200 applicants,IndiGo (InterGlobe Aviation Ltd),Airlines/Aviation ,"10,001+ employees","392,177 followers"
J357,Regional Customer Manager,Manager,"Ahmedabad, Gujarat, India",Full-time,Mid-Senior level,Over 200 applicants,Pidilite Industries Limited,Consumer Goods ,"1,001-5,000 employees","413,714 followers"
J358,Credit Manager,Manager,"Lucknow, Uttar Pradesh, India",Full-time,Associate,183 applicants,Fastline Global Recruitment Services,Staffing & Recruiting ,51-200 employees,"7,639 followers"
J359,Key Account Manage- Sales (B2B),Accountant,"Pune, Maharashtra, India",Full-time,NULL,74 applicants,Michelin,Automotive ,"10,001+ employees","639,220 followers"
J360,Quality Engineer,others,"Ahmedabad, Gujarat, India",Full-time,Entry level,Over 200 applicants,Kaivanya Extrusion Technik,Mechanical Or Industrial Engineering ,11-50 employees,"2,298 followers"
J361,Talent Acquisition,others,"Ahmedabad, Gujarat, India",Full-time,Entry level,24 applicants,Stridely Solutions,Information Technology & Services ,201-500 employees,"21,914 followers"
J362,HR Executive,Human-resourse,"Ahmedabad, Gujarat, India",Full-time,NULL,54 applicants,Technous Infotech,Information Technology & Services ,51-200 employees,406 followers
J363,Data Analyst,Analyst,"Mumbai, Maharashtra, India",Full-time,NULL,Over 200 applicants,UBS,Financial Services ,"10,001+ employees","1,252,029 followers"
J364,Urgent | Job Opening for FRESHERS Human Resources Executive - Work From Office,others,"Bengaluru, Karnataka, India",Full-time,Mid-Senior level,93 applicants,Onjob Group,Human Resources ,51-200 employees,500 followers
J365,Accounts Payable,Accountant,"Chennai, Tamil Nadu, India",Full-time,Entry level,181 applicants,Calibehr Business Support Services Pvt. Ltd.,Information Technology & Services ,"10,001+ employees","10,450 followers"
J366,Customer Support Executive,others,"Gurgaon, Haryana, India",Full-time,Mid-Senior level,10 applicants,Cashify,Consumer Services ,"501-1,000 employees","27,232 followers"
J367,Photography/Videography Internship in Surat at Spinny,others,"Surat, Gujarat, India",Full-time,Internship,5 applicants,Spinny,Automotive ,"1,001-5,000 employees","138,178 followers"
J368,Manager,Manager,"Mumbai, Maharashtra, India",Full-time,Mid-Senior level,177 applicants,PwC India,Management Consulting ,"5,001-10,000 employees","914,515 followers"
J369,Associate - Gurgaon - Technology Consulting,Associate,"Delhi, Delhi, India",Full-time,Entry level,Over 200 applicants,PwC India,Management Consulting ,"5,001-10,000 employees","914,515 followers"
J370,Linux Administrator,others,"Mumbai, Maharashtra, India",Full-time,Entry level,66 applicants,Godrej Infotech Ltd,Information Technology & Services ,"501-1,000 employees","24,045 followers"
J371,Financial Admin Assistant,others,"Pune, Maharashtra, India",Full-time,Entry level,139 applicants,UPS,Transportation/Trucking/Railroad ,"10,001+ employees","1,614,205 followers"
J372,Quality Assurance - (Manual Tester),others,"Mumbai, Maharashtra, India",Full-time,Mid-Senior level,41 applicants,Truemeds India,Pharmaceuticals ,201-500 employees,"18,589 followers"
J373,Urgent Hiring for Ground Staff Job,others,"Lucknow, Uttar Pradesh, India",Full-time,Executive,48 applicants,Airbov Solutions,Information Technology & Services ,11-50 employees,272 followers
J374,Cluster Manager,Manager,Greater Chennai Area,Full-time,Mid-Senior level,40 applicants,Dyson,Electrical & Electronic Manufacturing ,"10,001+ employees","320,902 followers"
J375,Legal Manager,Manager,"Ahmedabad, Gujarat, India",Full-time,Mid-Senior level,Over 200 applicants,ICICI Lombard,Insurance ,"5,001-10,000 employees","177,589 followers"
J376,Telecaller,others,"Ahmedabad, Gujarat, India",Full-time,Entry level,10 applicants,eGovernance,Information Technology & Services ,11-50 employees,378 followers
J377,Financial Admin Assistant,others,"Pune, Maharashtra, India",Full-time,Entry level,105 applicants,UPS,Transportation/Trucking/Railroad ,"10,001+ employees","1,614,205 followers"
J378,Buyer,others,"Bengaluru, Karnataka, India",Full-time,NULL,116 applicants,ABB,Electrical & Electronic Manufacturing ,"10,001+ employees","2,933,382 followers"
J379,Frontend Developer,Developer,"Bengaluru, Karnataka, India",Full-time,Entry level,151 applicants,WisdmLabs,Information Technology & Services ,51-200 employees,"6,917 followers"
J380,Software Testing Internship in Bangalore at Euphotic Labs Private Limited,others,"Bengaluru, Karnataka, India",Full-time,Internship,30 applicants,Pine Labs,Information Technology & Services ,"1,001-5,000 employees","130,565 followers"
J381,Analyst - Analytics & Behavioral Insights,Analyst,"Hyderabad, Telangana, India",Full-time,NULL,Over 200 applicants,Deloitte,Management Consulting ,"10,001+ employees","11,242,133 followers"
J382,Business Analyst,Analyst,"Hyderabad, Telangana, India",Full-time,NULL,Over 200 applicants,Deloitte,Management Consulting ,"10,001+ employees","11,242,133 followers"
J383,Hr Officer,Human-resourse,"Delhi, Delhi, India",Full-time,Entry level,47 applicants,SMC Global Securities Ltd.,Investment Banking ,"1,001-5,000 employees","3,333 followers"
J384,Manager,Manager,"Delhi, Delhi, India",Full-time,Mid-Senior level,10 applicants,PwC India,Management Consulting ,"5,001-10,000 employees","914,515 followers"
J385,Product Intern,others,"Bengaluru, Karnataka, India",Full-time,Internship,43 applicants,Volopay,Computer Software ,51-200 employees,"21,688 followers"
J386,HR Executive,Human-resourse,"Pune, Maharashtra, India",Full-time,Mid-Senior level,Over 200 applicants,Indovance Inc.,Outsourcing/Offshoring ,201-500 employees,"11,020 followers"
J387,Associate,Associate,"Bengaluru, Karnataka, India",Full-time,Entry level,Over 200 applicants,PwC India,Management Consulting ,"5,001-10,000 employees","914,515 followers"
J388,Category Manager,Manager,"Lucknow, Uttar Pradesh, India",Full-time,Mid-Senior level,Over 200 applicants,Urban Company,Computer Software ,"1,001-5,000 employees","308,121 followers"
J389,Accountant,Accountant,"Ahmedabad, Gujarat, India",Full-time,Mid-Senior level,11 applicants,Jain Dairy,Dairy ,51-200 employees,131 followers
J390,Software Engineer - Entry Level - Java,others,"Chennai, Tamil Nadu, India",Full-time,Entry level,170 applicants,Xybion Digital,Computer Software ,201-500 employees,"16,503 followers"
J391,Executive Assistant to MD,others,"Mumbai, Maharashtra, India",Full-time,Mid-Senior level,42 applicants,Acme Services,Human Resources ,51-200 employees,"79,751 followers"
J392,hiring for QA - QMS,others,"Hyderabad, Telangana, India",Full-time,Entry level,67 applicants,CADILA HEALTHCARE LTD,Pharmaceuticals ,201-500 employees,"8,539 followers"
J393,Data Analyst,Analyst,"Mumbai, Maharashtra, India",Full-time,Associate,45 applicants,Experian,Information Services ,"10,001+ employees","512,129 followers"
J394,Financial Admin Assistant,others,"Pune, Maharashtra, India",Full-time,Entry level,90 applicants,UPS,Transportation/Trucking/Railroad ,"10,001+ employees","1,614,205 followers"
J395,Office Administrator,others,"Chennai, Tamil Nadu, India",Full-time,Associate,94 applicants,Hexr Factory,Information Technology & Services ,11-50 employees,"1,342 followers"
J396,Customer Support,others,"Bengaluru, Karnataka, India",Contract,Mid-Senior level,Over 200 applicants,Infosys BPM,Information Technology & Services ,"10,001+ employees","779,454 followers"
J397,Assistant Manager,Manager,"Gurgaon, Haryana, India",Full-time,Mid-Senior level,Over 200 applicants,KPMG India,Management Consulting ,"10,001+ employees","1,401,090 followers"
J398,Order Processing India,others,"Mumbai, Maharashtra, India",Full-time,Entry level,68 applicants,Varian,Medical Device ,"5,001-10,000 employees","235,925 followers"
J399,Key Accounts Manager - Deputy Manager,Accountant,"Lucknow, Uttar Pradesh, India",Full-time,Mid-Senior level,Over 200 applicants,Paytm,Financial Services ,"10,001+ employees","1,101,711 followers"
J400,Human Resources (HR) Internship in Lucknow at Ziqitza Health Care Limited (ZHL),Human-resourse,"Lucknow, Uttar Pradesh, India",Full-time,Internship,10 applicants,Ziqitza HealthCare Ltd.,Hospital & Health Care ,"501-1,000 employees","6,401 followers"
J401,Urgent Hiring !! -HR (Recruiter) | Lucknow,Human-resourse,"Lucknow, Uttar Pradesh, India",Full-time,Mid-Senior level,12 applicants,Parsley Management Pvt.Ltd,Staffing & Recruiting ,11-50 employees,"1,374 followers"
J402,Junior Research Analyst,Analyst,"Ahmedabad, Gujarat, India",Full-time,NULL,Over 200 applicants,S&P Global,Financial Services ,"10,001+ employees","302,681 followers"
J403,Talent Acquisition Manager,Manager,"Mumbai, Maharashtra, India",Full-time,Mid-Senior level,Over 200 applicants,Purplle.com,Computer Software ,"501-1,000 employees","256,500 followers"
J404,Front Office Executive,others,"Lucknow, Uttar Pradesh, India",Full-time,Entry level,16 applicants,Parsley Management Pvt.Ltd,Staffing & Recruiting ,11-50 employees,"1,374 followers"
J405,Factory/Plant Head - Chemical,others,"Kolkata, West Bengal, India",Full-time,Director,5 applicants,Rural Management Consultant Pvt.Ltd.,Staffing & Recruiting ,11-50 employees,"3,328 followers"
J406,BIM Modelers - Architectural BIM Modeler,others,"Pune, Maharashtra, India",Full-time,Entry level,24 applicants,SrinSoft Technologies,Information Technology & Services ,"501-1,000 employees","14,172 followers"
J407,Specialist,others,"Ahmedabad, Gujarat, India",Full-time,Mid-Senior level,113 applicants,PwC India,Management Consulting ,"5,001-10,000 employees","914,515 followers"
J408,HR Generalist (Mid-Level),Human-resourse,"Gurgaon, Haryana, India",Full-time,Associate,68 applicants,vCommission Media Private Limited,Marketing & Advertising ,51-200 employees,"6,876 followers"
J409,Data Analyst  ( Google Analytics),Analyst,"Chennai, Tamil Nadu, India",Full-time,Mid-Senior level,Over 200 applicants,LatentView Analytics,Management Consulting ,"501-1,000 employees","90,702 followers"
J410,Associate Technology Consulting,Associate,"Mumbai, Maharashtra, India",Full-time,Entry level,10 applicants,PwC India,Management Consulting ,"5,001-10,000 employees","914,515 followers"
J411,Delivery Boy,others,"Kakori, Uttar Pradesh, India",Part-time,Entry level,10 applicants,OkayGo,Staffing & Recruiting ,11-50 employees,"20,818 followers"
J412,Technology Support - Analyst,Analyst,"Hyderabad, Telangana, India",Full-time,NULL,Over 200 applicants,Deloitte,Management Consulting ,"10,001+ employees","11,242,133 followers"
J413,Associate - Deals - Deals Strategy- Mumbai,Associate,"Mumbai, Maharashtra, India",Full-time,Entry level,Over 200 applicants,PwC India,Management Consulting ,"5,001-10,000 employees","914,515 followers"
J414,Technical Support Engineer,others,"Lucknow, Uttar Pradesh, India",Full-time,NULL,170 applicants,Tata Group,Executive Office ,"10,001+ employees","1,974,783 followers"
J415,Engineer - Mechanical Development CoE,others,"Chennai, Tamil Nadu, India",Full-time,Entry level,Over 200 applicants,Mahindra Group,Executive Office ,"10,001+ employees","1,071,139 followers"
J416,"Manager, Partner Regional Operations",Manager,"Gurgaon, Haryana, India",Full-time,Mid-Senior level,Over 200 applicants,Airbnb,Computer Software ,"5,001-10,000 employees","2,219,932 followers"
J417,Trainee - Branded Content,others,"Mumbai, Maharashtra, India",Full-time,Internship,70 applicants,BookMyShow,Entertainment ,"1,001-5,000 employees","86,468 followers"
J418,packing boy,others,"Delhi, Delhi, India",Full-time,Entry level,18 applicants,BMC,Medical Device ,201-500 employees,"2,907 followers"
J419,Ground Staff,others,"Chennai, Tamil Nadu, India",Full-time,Entry level,Over 200 applicants,Jet Airways,Airlines/Aviation ,"10,001+ employees","288,983 followers"
J420,Executive,others,"Gurgaon, Haryana, India",Full-time,Executive,Over 200 applicants,KPMG India,Management Consulting ,"10,001+ employees","1,401,090 followers"
J421,Supervisor Claims,others,"Gurgaon, Haryana, India",Full-time,Associate,Over 200 applicants,Airbnb,Computer Software ,"5,001-10,000 employees","2,219,932 followers"
J422,Analyst,Analyst,"Bengaluru East, Karnataka, India",Full-time,Mid-Senior level,192 applicants,Commonwealth Bank,Financial Services ,"10,001+ employees","431,149 followers"
J423,Manager,Manager,"Pune, Maharashtra, India",Full-time,Mid-Senior level,80 applicants,Mahindra Logistics,Transportation/Trucking/Railroad ,"10,001+ employees","281,197 followers"
J424,Digital Marketing - Associate,Associate,"Noida, Uttar Pradesh, India",Full-time,Entry level,Over 200 applicants,Paytm,Financial Services ,"10,001+ employees","1,101,711 followers"
J426,Job Interview For Cabin Crew and Ground Staff at Airport,others,"Lucknow, Uttar Pradesh, India",Full-time,Entry level,107 applicants,Nilo P Services,Information Technology & Services ,11-50 employees,173 followers
J427,Interior,others,"Chennai, Tamil Nadu, India",Full-time,NULL,2 applicants,VEGA Intellisoft Pvt Ltd,Information Technology & Services ,"501-1,000 employees","9,593 followers"
J428,Civil Engineer,others,"Chennai, Tamil Nadu, India",Full-time,Entry level,40 applicants,Talent Zone Consultant,Human Resources ,11-50 employees,"2,872 followers"
J429,Head Of Flight Operation,others,Greater Madurai Area,Full-time,Mid-Senior level,12 applicants,Airbus,Aviation & Aerospace ,"10,001+ employees","1,777,475 followers"
J430,Executive-Customer Relations,others,"Gurgaon, Haryana, India",Full-time,Mid-Senior level,Over 200 applicants,IndiGo (InterGlobe Aviation Ltd),Airlines/Aviation ,"10,001+ employees","392,177 followers"
J431,Trainee - Customer Experience,others,"Mumbai, Maharashtra, India",Full-time,Internship,80 applicants,BookMyShow,Entertainment ,"1,001-5,000 employees","86,468 followers"
J432,CAD Draughtsman,others,"Bengaluru, Karnataka, India",Full-time,Entry level,21 applicants,SrinSoft Technologies,Information Technology & Services ,"501-1,000 employees","14,172 followers"
J433,Mechanical Engineer,others,"Pune, Maharashtra, India",Full-time,NULL,Over 200 applicants,JBM Group,Automotive ,"10,001+ employees","121,778 followers"
J434,Product Analyst,Analyst,"Bengaluru, Karnataka, India",Full-time,Mid-Senior level,Over 200 applicants,Cashfree Payments,Financial Services ,201-500 employees,"83,680 followers"
J435,Assistant Relationship Manager,Manager,"Mumbai, Maharashtra, India",Full-time,Entry level,173 applicants,American Express,Financial Services ,"10,001+ employees","1,776,398 followers"
J436,DMart - Area Manager - Stores,Manager,"Ahmedabad, Gujarat, India",Full-time,Mid-Senior level,Over 200 applicants,DMart - Avenue Supermarts Ltd,Retail ,"5,001-10,000 employees","117,464 followers"
J437,Human Resources Officer,others,"Lucknow, Uttar Pradesh, India",Full-time,Entry level,Over 200 applicants,Hyatt Regency,Hospitality ,"10,001+ employees","374,139 followers"
J438,General Manager - Manufacturing - Automobile,Manager,"Delhi, Delhi, India",Full-time,Executive,53 applicants,Inspire consultancy services pvt. ltd,Human Resources ,11-50 employees,567 followers
J439,Firstcry.com - Retail Trainer/Regional Trainer,others,"Ahmedabad, Gujarat, India",Full-time,Mid-Senior level,22 applicants,FirstCry.com (BrainBees Solutions Pvt. Ltd.),Retail ,"5,001-10,000 employees","57,369 followers"
J440,Learning and Development,others,"Noida, Uttar Pradesh, India",Full-time,Associate,Over 200 applicants,Samsung India,Consumer Electronics ,"10,001+ employees","129,681 followers"
J441,Assistant Events Marketing Manager,marketing,"Bengaluru, Karnataka, India",Full-time,NULL,Over 200 applicants,LinkedIn,Computer Software ,"10,001+ employees","24,053,189 followers"
J442,Trade Marketing Manager,marketing,"Hyderabad, Telangana, India",Full-time,Associate,Over 200 applicants,MTR Foods Private Limited,Food & Beverages ,"1,001-5,000 employees","251,313 followers"
J443,Bank Officer,others,"Noida, Uttar Pradesh, India",Full-time,Entry level,10 applicants,Kaizen Consultancy,#VALUE!,null,118 followers
J444,Developer Specialist - Front End Development,Developer,"Hyderabad, Telangana, India",Full-time,Entry level,14 applicants,Google Operations Center,Internet ,"1,001-5,000 employees","71,638 followers"
J445,Accountant,Accountant,"Gurgaon, Haryana, India",Full-time,Mid-Senior level,Over 200 applicants,Airbnb,Computer Software ,"5,001-10,000 employees","2,219,932 followers"
J446,Senior Associate,Associate,"Delhi, Delhi, India",Full-time,Mid-Senior level,10 applicants,PwC India,Management Consulting ,"5,001-10,000 employees","914,515 followers"
J447,Senior Brand Manager,Manager,"Mumbai, Maharashtra, India",Full-time,Mid-Senior level,Over 200 applicants,Purplle.com,Computer Software ,"501-1,000 employees","256,500 followers"
J448,Full Time Phlebotomist,others,"Pune, Maharashtra, India",Full-time,Entry level,13 applicants,Actalent,Management Consulting ,"5,001-10,000 employees","104,242 followers"
J449,"HR Officer - Mumbai, India",Human-resourse,"Mumbai, Maharashtra, India",Full-time,Entry level,Over 200 applicants,Qatar Airways,Airlines/Aviation ,"10,001+ employees","1,892,735 followers"
J450,"Manager, Finance - Operations",Manager,"Gurgaon, Haryana, India",Full-time,Mid-Senior level,Over 200 applicants,The Coca-Cola Company,Food & Beverages ,"10,001+ employees","7,070,166 followers"
J451,"PGT Chemistry Teacher required for a reputed school in Lucknow, Uttar Pradesh",others,"Lucknow, Uttar Pradesh, India",Full-time,Entry level,42 applicants,EducoHire,Education Management ,2-10 employees,"9,592 followers"
J452,IT Helpdesk & Developer,Developer,India,Full-time,Mid-Senior level,5 applicants,Long Shine Equipment & Supplies Pte Ltd,Business Supplies & Equipment ,1-50 employees                     ,486 followers
J453,Assistant Manager - Value Management,Manager,"Bengaluru, Karnataka, India",Full-time,Mid-Senior level,Over 200 applicants,KPMG India,Management Consulting ,"10,001+ employees","1,401,090 followers"
J454,Regional Manager - Human Resource - Insurance,Manager,"Lucknow, Uttar Pradesh, India",Full-time,Mid-Senior level,30 applicants,Liontree HR Consultants Pvt Ltd,Human Resources ,11-50 employees,"5,162 followers"
J455,Terminal Manager,Manager,"Bengaluru, Karnataka, India",Full-time,NULL,45 applicants,Shell,Oil & Energy ,"10,001+ employees","6,057,750 followers"
J456,Staff Manufacturing,others,"Ahmedabad, Gujarat, India",Full-time,Entry level,10 applicants,CADILA HEALTHCARE LTD,Pharmaceuticals ,201-500 employees,"8,539 followers"
J457,Customer Service Analyst,Analyst,"Gurgaon, Haryana, India",Full-time,Entry level,Over 200 applicants,American Express,Financial Services ,"10,001+ employees","1,776,398 followers"
J458,Airport Ground Staff,others,"Mumbai, Maharashtra, India",Full-time,Executive,71 applicants,Airbov Solutions,Information Technology & Services ,11-50 employees,272 followers
J459,Area Sales Manager - EV,sales,"Noida, Uttar Pradesh, India",Full-time,Mid-Senior level,Over 200 applicants,Mahindra Group,Executive Office ,"10,001+ employees","1,071,139 followers"
J460,Area Sales Manager,sales,"Ahmedabad, Gujarat, India",Full-time,NULL,Over 200 applicants,Johnson & Johnson,Hospital & Health Care ,"10,001+ employees","8,167,304 followers"
J461,Content Writer,others,"Ahmedabad, Gujarat, India",Full-time,Entry level,4 applicants,Bacancy Technology: Work From Anywhere,Computer Software ,"1,001-5,000 employees","39,200 followers"
J462,HR Business Partner,Human-resourse,"Mumbai, Maharashtra, India",Full-time,Mid-Senior level,Over 200 applicants,Nayara Energy,Oil & Energy ,"1,001-5,000 employees","207,082 followers"
J463,Procurement Buyer I,others,"Pune, Maharashtra, India",Full-time,Entry level,135 applicants,Honeywell,Electrical & Electronic Manufacturing ,"10,001+ employees","2,276,917 followers"
J464,Bancassurance officer,others,"Chennai, Tamil Nadu, India",Full-time,Entry level,10 applicants,assured job,#VALUE!,null,"2,044 followers"
J465,Aerospace Engineer,others,"Lucknow, Uttar Pradesh, India",Full-time,Entry level,10 applicants,CodersBrain,Information Technology & Services ,201-500 employees,"43,937 followers"
J466,Innovation Consultant,others,"Chennai, Tamil Nadu, India",Full-time,Mid-Senior level,Over 200 applicants,Tata Consultancy Services,Information Technology & Services ,"10,001+ employees","11,344,528 followers"
J467,Content Creator,others,"Gurgaon, Haryana, India",Full-time,Entry level,2 applicants,Birdeye,Computer Software ,201-500 employees,"147,326 followers"
J468,Assistant Project Manager (PMO),Manager,"Hyderabad, Telangana, India",Full-time,Mid-Senior level,85 applicants,Space Matrix,Design ,"501-1,000 employees","115,606 followers"
J469,Manager,Manager,"Gurgaon, Haryana, India",Full-time,Mid-Senior level,Over 200 applicants,KPMG India,Management Consulting ,"10,001+ employees","1,401,090 followers"
J470,Procurement Executive,others,"Chennai, Tamil Nadu, India",Full-time,Mid-Senior level,87 applicants,Talent Corner HR Services Pvt Ltd,Management Consulting ,51-200 employees,"123,091 followers"
J471,"AM Customer Service , MBC",others,"Gurgaon, Haryana, India",Full-time,NULL,Over 200 applicants,adidas,Retail ,"10,001+ employees","3,159,040 followers"
J472,Photography/Videography Internship in Bangalore at Spinny,others,"Bengaluru, Karnataka, India",Full-time,Internship,10 applicants,Spinny,Automotive ,"1,001-5,000 employees","138,178 followers"
J473,Paint Engineer,others,"Gurgaon, Haryana, India",Full-time,Entry level,125 applicants,Maruti Suzuki India Limited,Automotive ,"10,001+ employees","633,905 followers"
J474,Stone Business Development Executive,others,"Lucknow, Uttar Pradesh, India",Full-time,Mid-Senior level,Over 200 applicants,Pidilite Industries Limited,Consumer Goods ,"1,001-5,000 employees","413,714 followers"
J475,Test Engineer - Manual/API Testing,others,"Hyderabad, Telangana, India",Full-time,Entry level,26 applicants,Techfynder,Computer Software ,201-500 employees,"14,924 followers"
J476,Mechanical Engineer,others,"Amritsar, Punjab, India",Full-time,Entry level,82 applicants,Jet Airways,Airlines/Aviation ,"10,001+ employees","288,983 followers"
J478,Data Analyst,Analyst,"Bengaluru, Karnataka, India",Full-time,NULL,Over 200 applicants,Shell,Oil & Energy ,"10,001+ employees","6,057,750 followers"
J479,Financial Admin Assistant,others,"Pune, Maharashtra, India",Full-time,Entry level,121 applicants,UPS,Transportation/Trucking/Railroad ,"10,001+ employees","1,614,205 followers"
J480,General Manager - International Sales and Marketing,sales,"Lucknow, Uttar Pradesh, India",Full-time,Executive,1 applicant,Rashmi Metaliks Limited,Building Materials ,"1,001-5,000 employees","8,117 followers"
J481,Financial Accountant,Accountant,"Pune, Maharashtra, India",Full-time,NULL,Over 200 applicants,UBS,Financial Services ,"10,001+ employees","1,252,029 followers"
J482,Area Manager - Sales (B2B),sales,"Pune, Maharashtra, India",Full-time,NULL,Over 200 applicants,Michelin,Automotive ,"10,001+ employees","639,220 followers"
J483,Business Analyst,Analyst,"Pune, Maharashtra, India",Full-time,Mid-Senior level,Over 200 applicants,Cognizant,Information Technology & Services ,"10,001+ employees","5,736,231 followers"
J484,Assistant Manager-Supply Chain,Manager,"Hyderabad, Telangana, India",Full-time,Mid-Senior level,Over 200 applicants,Mahindra Group,Executive Office ,"10,001+ employees","1,071,139 followers"
J485,Manager - Security,Manager,"Delhi, Delhi, India",Full-time,Mid-Senior level,94 applicants,Dunzo,Computer Software ,"5,001-10,000 employees","270,387 followers"
J486,HR Generalist,Human-resourse,"Bengaluru North, Karnataka, India",Full-time,Mid-Senior level,50 applicants,SmartCoin Financials,Financial Services ,51-200 employees,"8,574 followers"
J487,Manager - Procurement,Manager,"Mumbai, Maharashtra, India",Full-time,Mid-Senior level,Over 200 applicants,Godrej Group,Consumer Goods ,"10,001+ employees","278,190 followers"
J488,Internal Auditor,others,"Bengaluru, Karnataka, India",Full-time,Mid-Senior level,Over 200 applicants,Deloitte,Management Consulting ,"10,001+ employees","11,242,133 followers"
J489,Hdfc Limited- Operation- Front Office  -Mumbai,others,"Mumbai, Maharashtra, India",Full-time,Entry level,Over 200 applicants,HDFC Limited,Financial Services ,"1,001-5,000 employees","301,489 followers"
J490,Engine Development and Testing,others,"Chennai, Tamil Nadu, India",Full-time,Entry level,8 applicants,VEGA Intellisoft Pvt Ltd,Information Technology & Services ,"501-1,000 employees","9,593 followers"
J491,Video Marketing Lead,marketing,"Chennai, Tamil Nadu, India",Full-time,Mid-Senior level,16 applicants,VPlayed,Computer Software ,201-500 employees,"1,910 followers"
J492,Executive-Operations,others,"Gurgaon, Haryana, India",Full-time,Entry level,43 applicants,American Express,Financial Services ,"10,001+ employees","1,776,398 followers"
